order,type,name,label::english,label::somali,required,relevant,appearance,constraint,constraint_message,choice_filter,calculation,media::image::english,media::image::somali,hint:english,hint:somali,default,Comments_SL,,,,,,
1,start,start,,,,,,,,,,,,,,,,,,,,,
2,end,end,,,,,,,,,,,,,,,,,,,,,
3,today,today,,,,,,,,,,,,,,,,,,,,,
4,deviceid,deviceid,,,,,,,,,,,,,,,,,,,,,
,audit,audit,,,,,,,,,,,,,,,,,,,,,
5,begin_group,introduction,Introduction,Hordhac,,,,,,,,,,,,,,,,,,,
,text,jmcna,Enter Respondent Code Number,Fadlan geli lambarka sirta ah ,TRUE,,,,,,,,,,,,,,,,,,
,calculate,respondent_name,,,,,,,,,"pulldata(â€˜jmcna_csvâ€™, â€˜respondent_nameâ€™, â€˜nameâ€",,,,,,,,,,,,
,calculate,respondent_contact,,,,,,,,,"pulldata(â€˜jmcna_csvâ€™, â€˜respondent_contactâ€™, â€˜nameâ€",,,,,,,,,,,,
,calculate,respondent_region,,,,,,,,,"pulldata(â€˜jmcna_csvâ€™, â€˜respondent_regionâ€™, â€˜nameâ€",,,,,,,,,,,,
,calculate,uuid_key,,,,,,,,,"pulldata(â€˜jmcna_csvâ€™, â€˜uuid_keyâ€™, â€˜nameâ€",,,,,,,,,,,,
,begin_group,respondent_information,Respondent Information,Xogta Qoyska Waraysiga bixinaya,,,table-list,,,,,,,,,,,,,,,,
,note,note_respondent_name,Respondent Name: ${respondent_name},Magaca Jawaab Celiyaha: ${respondent_name},,,,,,,,,,,,,,,,,,,
,note,note_respondent_contact,Respondent Contact: ${respondent_contact},Lanbarka Jawaab Celiyaha: ${respondent_contact},,,,,,,,,,,,,,,,,,,
,note,note_respondent_region,Respondent Region: ${respondent_region},Gobolka Jawaab Celiyaha: ${respondent_region},,,,,,,,,,,,,,,,,,,
,end_group,end_respondentsinfo,,,,,,,,,,,,,,,,,,,,,
6,select_one yes_no,consensus,"Hi my name is _____ and I work for _____. We are currently conducting a survey on household needs and would like to ask you some questions about your current access to food, income generating activities, health and WASH access, protection services, and humanitarian aid. 
You may remember last year completing a similar survey with one of our data collectors at your home. Due to COVID-19 restictions, this year we are doing the survey over the phone. The survey will take 30 minutes to complete. 
The information you provide will be used to inform the humanitarian response plan in the country. Any information you provide will be kept strictly confidential and anonymous. 
You will not receive any benefits or services for completing the survey but we hope that you do participate as your views are very important to better inform the humanitarian response. 
The survey is voluntary and you can choose not to answer any question and/or quit at any point. 
Do you have any questions? Do you agree to participate in this survey?","Waa ku salaamay magacaygu waa _____ waxaanan u shaqeeyaa __________. Waxaan hadda sameeneyna wareeysi ku saabsan baahiyaha reerka waxaanan jeclaan lahayn inaan ku weydiinno xoogaa su'aalo ah oo ku saabsan helitaankaaga cuntada ee hadda jira, howlaha dakhli abuurka, helitaanka caafimaadka iyo helitaanka Fayadhowrka iyo Nadaafadda, adeegyada badbaadada, iyo gargaarka aadaminimo. Waxaa laga yaabaa inaad xasuusato sanadkii hore xug-uruurin mid la midan la mid ah in xog aruuriyayaashayada gurigaaga kugu yimaadeen si aay ku wareeystaan. Sababo la xiriira xayiraadaha COVID-19, sanadkaan waxaan ku sameeynay wareeysiga taleefanka waxaanan yareynay dhererka/mudada wareeysiga. Wareeysiga badanaa waxuu qaataa qiyaastii 45 daqiiqo in la dhammaystiro. Macluumaad kasta oo aad bixiso waxaa si adag loogu hayn doonaa qarsoodi iyo qarsoodi. Annaga wax faa iido ah ama adeeg ah kamaheleysid annaga laakiin waxaan rajeyneynaa inaad kaqeybqaadato maxaa yeelay aragtidaada ayaa muhiim u ah inaad si wanaagsan u wargaliso waxqabadka bina-aadamnimada. Tani waa ikhtiyaari oo waxaad dooran kartaa inaadan ka jawaabin wax su'aal ah iyo / ama joojiso waqti kasta. Ma haysaa wax su'aalo ah? Ma oggoshahay inaad kaqaybqaadato wareeysigan?",TRUE,,,,,,,,,,,,,,,,,,
,text,name_of_respondent,Please Enter the Name of the Respondent,Fadalan Gali magaca qoyska aad wacayso,TRUE,,,,,,,,,,,,,,,,,,
,integer,phone_number_of_respondent,Please Enter the Phone number of the Respondent,Fadalan Galie lambarka qoysa aad wacayso,TRUE,,,,,,,,,,,,,,,,,,
,begin_group,consent_given,Consent Given,,,"selected(${consensus},'yes')",,,,,,,,,,,,,,,,,
,select_one region,region,in which region does your household reside?,Gobolkee ayuu daganyahay qoyskiina?,TRUE,,,,,,,,,,,,,,,,,,
7,select_one district,district,In which district does your household reside?,Deegaankee ayuu deganyahay qoyskiina?,TRUE,,,,,region=${region},,,,,,,,,,,,,
8,select_one yes_no,idp_settlement,Does your household reside in an IDP settlement?,Miyuu qoyskiina degenyahay xarun qaxooti?,TRUE,,,,,,,,,,,,,,,,,,
9,select_one external_settlements,settlement,What is the name of your village/settlement/IDP site?  ,Waa maxay magaca tuuladaada / deegaanka / xero barakac?,TRUE,,,,,district=${district} and idp_settlement=${idp_settlement},,,,,,,,,,,,,
10,select_one male_female,resp_gender,What is the gender of the respondent?,Sheeg jinsiga qofka kuu jawaabayo?,TRUE,,,,,,,,,,,,,,,,,,
11,select_one age,resp_age,What is the age of the respondent? ,Sheeg da'da qofka kuu jawaabayo? ,TRUE,,,,,,,,,,,,,,,,,,
12,end_group,,,,,,,,,,,,,,,,,,,,,,
13,begin_group,household_demo,Household Demographics,Warbixinta qoyska,,"selected(${consensus},'yes')",,,,,,,,,,,,,,,,,
14,select_one genderage,breadwinner,What is the age and gender of the main income-earner of the household?,Waa maxay jinsiga iyo da'ada qofka ugu muhiimsan ee ka masuulka ah masruufka qoyska?,TRUE,,,,,,,,,,,,,,,,,,
15,select_one genderage,household_expenditure,What is the age and gender of the person who decides on household expenditure?,Waa maxay jinsiga iyo da'ada qofka leh go'aanka isticmaalka kharashka qoyska?,TRUE,,,,,,,,,,,,Should this really be select_multiple?,,,,,,
16,begin_group,demog_list,Demographic list,Tirokoobka dadka guriga degan,,,field-list,,,,,,,,,,,,,,,,
17,integer,hh_size,How many people live in your household?,Intee qof baa ku nool qoyskaaga?,TRUE,,,,,,,,,,,,,,,,,,
18,note,following_categories_note,How many people are in the following categories:_(Read categories to respondents)_,Imisa qof ayaa leh qaybahan/astaamahan soo socda:,,,,,,,,,,,,,,,,,,,
21,integer,males_0m_5y,Males 0 months - 5 years,Rag 0 bil ilaa 5 sano jir ah,TRUE,,,,,,,,,,,,,,,,,,
22,integer,females_0m_5y,Females 0 months - 5 years,Dumar 0 bil ilaa 5 sano jir ah,TRUE,,,,,,,,,,,,,,,,,,
23,integer,males_6_12,Males 6-12 years,Rag 6-12 jir ah,TRUE,,,,,,,,,,,,,,,,,,
24,integer,females_6_12,Females 6-12 years,Dumar 6-12 jir ah,TRUE,,,,,,,,,,,,,,,,,,
25,integer,males_13_15,Males 13-15 years,Rag 13-15 jir ah,TRUE,,,,,,,,,,,,,,,,,,
26,integer,females_13_15,Females 13-15 years,Dumar 13-15 jir ah,TRUE,,,,,,,,,,,,,,,,,,
27,integer,males_16_17,Males 16-17 years,Rag 16-17 jir ah,TRUE,,,,,,,,,,,,,,,,,,
28,integer,females_16_17,Females 16-17 years,Dumar 16-17 jir ah,TRUE,,,,,,,,,,,,,,,,,,
29,integer,males_18_40,Males 18-40 years,Rag 18-40 jir ah,TRUE,,,,,,,,,,,,,,,,,,
30,integer,females_18_40,Females 18-40 years,Dumar 18-40 jir ah,TRUE,,,,,,,,,,,,,,,,,,
31,integer,males_41_59,Males 41-59 years,Rag 41-59 jir ah,TRUE,,,,,,,,,,,,,,,,,,
32,integer,females_41_59,Females 41-59 years,Dumar 41-59 jir ah,TRUE,,,,,,,,,,,,,,,,,,
33,integer,males_60_over,Males 60 or older,Rag 60 jir ah ama ka weyn,TRUE,,,,,,,,,,,,,,,,,,
34,integer,females_60_over,Females 60 or older,Dumar 60 jir ah ama ka weyn,TRUE,,,,,,,,,,,,,,,,,,
35,end_group,,,,,,,,,,,,,,,,,,,,,,
36,select_one yes_no,hhh_count_check,Did you include yourself in the household count?,Ma isku dartay tirada inta qof ee ku nool guriga?,TRUE,,,,selected,,,,,,,,,,,,,,
37,calculate,total_hh,,,,,,,,,${males_0m_5y}+${females_0m_5y}+${males_6_12}+${females_6_12}+${males_13_15}+${females_13_15}+${males_16_17}+${females_16_17}+${males_18_40}+${females_18_40}+${males_41_59}+${females_41_59}+${males_60_over}+${females_60_over},,,,,,,,,,,,
38,calculate,hh_children,,,,,,,,,${males_0m_5y}+${females_0m_5y}+${males_6_12}+${females_6_12}+${males_13_15}+${females_13_15}+${males_16_17}+${females_16_17},,,,,,,,,,,,
39,calculate,children_vaccine_age,,,,,,,,,${males_0m_5y}+${females_0m_5y}+${males_6_12}+${females_6_12}+${males_13_15}+${females_13_15},,,,,,,,,,,,
40,calculate,hh_difference,,,,,,,,,${hh_size}-${total_hh},,,,,,,,,,,,
,calculate,children_school_age,,,,,,,,,${males_6_12}+${females_6_12}+${males_13_15}+${females_13_15}+${males_16_17}+${females_16_17},,,,,,,,,,,,
,calculate,hh_female,,,,,,,,,${females_13_15}+${females_16_17}+${females_18_40}+${females_41_59}+${females_60_over},,,,,,,,,,,,
41,note,hh_size_note,The respondent said there are ${hh_size} living here and you entered ${total_hh} persons. Please correct,"Jawaab bixiyaha wuxuu yiri ${hh_size} qof ayaa halkan ku nool, adiguna waxaad galisay ${total_hh} qof. Fadlan sax",TRUE,not(${hh_difference}=0),,,,,,,,,,,,,,,,,
42,select_one yes_no,pregnancy,Are there any female household members who have given birth in the past 6 months or who are currently pregnant?,Miyay jiraan haween ka tirsan qoyska oo ilmo dhaay 6dii bilood ee ugu dambaysay ama hadda xaamilo ah/ uur leh?,TRUE,${hh_female}>0,,,,,,,,,,,,,,,,,
43,select_one yes_no,chronic_illness,"Are there any members in the household suffering from chronic disease (any illness which lasts 3 months or longer such as asthama, diabetes, arthritis, heart diseases, cancer, HIV/AIDS)?","Miyay jiraan xubno qoyska ka tirsan oo ka cabanaya xanuunada aan laga bogsan ( wax xanuun ah oo ku bogsada 3 bilood sida: Asmada, Macaanka, lafo xanuunka, wadno xanuunka, Kansarka HIV AIDSka?",TRUE,,,,,,,,,,,,,,,,,,
44,select_multiple genderage,chronic_illness_hh_members,If yes; could you give the age and gender of the person(s)?,Hadday haa tahay; Ma na siin kartaa tirada xubnaha qoyska da 'ahaan iyo  jinsi (lab ama dheddig) ahaan?,TRUE,"selected(${chronic_illness},'yes')",,,,,,,,,,,I altered this question a little bit to account for the eventuality of more than one hh member having a chronic illness,,,,,,
45,begin_group,disability,Disability,Laxaad la'a ,,"selected(${consensus},'yes')",,,,,,,,,,,,,,,,,
46,select_one y_n_dk_dontsay,dis_seeing,"Does anybody in your household have difficulty seeing, even if wearing glasses?","Miyuu jiraa qof reerkaaga ka mid ah oo dhibaato ka haysato aragtida, xiitaa haddii ay xiran yihiin muraayadaha indhaha?",TRUE,,,,,,,,,,,,,,,,,,
47,select_multiple genderage,dis_seeing_demog,If yes; could you give the age and gender of the person(s)?,Hadday Haa tahay; ma siin kartaa da'da iyo jinsiga qofka?,TRUE,"selected(${dis_seeing},'yes')",,,,,,,,,,,,,,,,,
48,select_one y_n_dk_dontsay,dis_hearing,"Does anybody in your household have difficulty hearing, even if using a hearing aid?","Miyuu jiraa qof reerkaaga ka mid ah oo dhibaato ka haysato maqalka , xiitaa haddii ay xiran yihiin sameecado?",TRUE,,,,,,,,,,,,,,,,,,
49,select_multiple genderage,dis_hearing_demog,If yes; could you give the age and gender of the person(s)?,Hadday Haa tahay; ma siin kartaa da'da iyo jinsiga qofka?,TRUE,"selected(${dis_hearing},'yes')",,,,,,,,,,,,,,,,,
50,select_one y_n_dk_dontsay,dis_walk,Does anybody in your household have difficulty walking or climbing steps?,Miyuu jiraa qof qoyskaaga ka mid ah oo dhibaato ka haysato dhinaca socodka ama ka talaabida jarajarooyinka?,TRUE,,,,,,,,,,,,,,,,,,
51,select_multiple genderage,dis_walk_demog,If yes; could you give the age and gender of the person(s)?,Hadday Haa tahay; ma siin kartaa da'da iyo jinsiga qofka?,TRUE,"selected(${dis_walk},'yes')",,,,,,,,,,,,,,,,,
52,select_one y_n_dk_dontsay,dis_concentr,Does anybody in your household have difficulty remembering or concentrating?,Miyuu jiraa qof qoyskaaga ka mid ah oo dhibaato ka haysato dhinaca xasuusta ama wax fahanka?,TRUE,,,,,,,,,,,,,,,,,,
53,select_multiple genderage,dis_concentr_demog,If yes; could you give the age and gender of the person(s)?,Hadday Haa tahay; ma siin kartaa da'da iyo jinsiga qofka?,TRUE,"selected(${dis_concentr},'yes')",,,,,,,,,,,,,,,,,
54,select_one y_n_dk_dontsay,dis_selfcare,Does anybody in your household have difficulty (with self-care such as) washing all over or dressing?,Miyuu jiraa qof qoyskaaga ah oo dhibaato ka haysato dhinaca ( daryeelka naftiisa sida) maydhashada ama dhar xidhashada? ,TRUE,,,,,,,,,,,,,,,,,,
55,select_multiple genderage,dis_selfcare_demog,If yes; could you give the age and gender of the person(s)?,Hadday Haa tahay; ma siin kartaa da'da iyo jinsiga qofka?,TRUE,"selected(${dis_selfcare},'yes')",,,,,,,,,,,,,,,,,
56,select_one y_n_dk_dontsay,dis_communi,"Using your usual language, does anybody in your household have difficulty communicating, (for example understanding or being understood by others)?","Adigoo isticmaalaya luuqadaada caadiga ah, Miyuu jiraa qof qoyskaaga ah oo ay dhibato ka haysato wada xidhiidhka, ( tusaale ahaan fahanka ama inuu fahmo dadka kale)?",TRUE,,,,,,,,,,,,,,,,,,
57,select_multiple genderage,dis_communi_demog,If yes; could you give the age and gender of the person(s)?,Hadday Haa tahay; ma siin kartaa da'da iyo jinsiga qofka?,TRUE,"selected(${dis_communi},'yes')",,,,,,,,,,,,,,,,,
58,end_group,,,,,,,,,,,,,,,,,,,,,,
59,begin_group,other_hh,Other household,Qoyka kale ,,"selected(${consensus},'yes')",,,,,,,,,,,,,,,,,
60,select_one certificate,certificate_ids,"Do all household members currently have a passport and/or valid national ID, at this time?_Read response options to respondent except ""Do not know""_","Dhammaan xubnaha reerku ma haystaan â€‹â€‹hadda baasaboor iyo / ama aqoonsi qaran oo ansax ah, waqtigan?_U aqri aqtiyaariga jawaabta jawaab bixiyaha marka laga reebo â€œMa ",TRUE,,,,,,,,,,U akhri jawaab celiyaha qodobada la kala dooranayo,,,,,,,,
61,integer,avg_income,What was the average monthly household income (including remittances) in US dollars in the past 3 months/90 days?,"Maxay tahay celceliska daqliga billaha ah ee qoyska (oo ay ku jiraan lacagaha la idiin soo diro) doollarka Mareykanka ahaan,  saddexdii bilood ee la soo dhaafay / 90 maalmood?",TRUE,,,not(.<0),,,,,,,Doolar ahaan geli lacagta,,there were options (None; less than 30 $/month; 31-60 $/month;  61-100 $/month; 101-150 $/month; 151-200 $/month; 200+ $/month); but it also says type integer. Which one should we go for?,,,,,,
62,integer,avg_debt,What was the average household debt in US dollars in the past 3 months/90 days?,"Saddexdii bilood ee lasoo dhaafay ama 90kii maalmood ee u dambeeyay, Muxuu ahaa celceliska daynka qoyska  dollar ahaan?",TRUE,,,not(.<0),,,,,,,Doolar ahaan geli lacagta,,"same as above; additionally, should there be a hint/option in case the respondent is uncomfortable answering the question?",,,,,,
63,select_multiple income_source,income_src,What were your household's main sources of income/household financial support in the past 12 months/1 year?_(Read out response options to respondent)_,"Maxay ahaayeen ilaha ugu muhiimsan ee qoyskiinu ku tiirsanaa dakhli ahaan ama taageero dhaqaale ee qoyska, 12kii bilood/1 sano ee lasoo dhaafay?",TRUE,,,"not(selected(.,'none') and count-selected(.) >1)","cannot select ""none"" and any other choice.  Please revise",,,,,,,,,,,,,,
64,integer,hh_members_income,How many members of the household are currently engaged in renumerated work?,Imisa xubnood oo reerka ah ayaa hada ku hawlan shaqo mushahari ah?,TRUE,,,.<=${total_hh},,,,,,,,0,,,,,,,
65,integer,hh_members_new_unemployed,How many members of the household lost their employment in the past 3 months/90 days?,Imisa xubnood oo qoyskiina kamida ayaa waayay shaqooyinkoodii 3dii bilood  ee lasoo dhaafay?,TRUE,,,.<=${total_hh},,,,,,,,0,"If we want to know how many people lost a job during the last 3 months, we can leave it like this. BUT - if we want to know how many people had a job before, but are now out of a job, we can adjust the constraint to be .<=(${hh_size_calculated}-${hh_members_income})",,,,,,
66,select_multiple employ_loss,employ_loss_why,What was the main reason for the loss of employment?_(Read out response options to respondent)_,Maxay ahayd sababta ugu muhiimsan ee keentay shaqo la'aanta?,TRUE,${hh_members_new_unemployed}>0,,,,,,,,,,,,,,,,,
,text,employ_loss_why_other,Specify other,"sheeg, mid kale",TRUE,"selected(${employ_loss_why},'other')",,,,,,,,,,,,,,,,,
67,select_one market_time,market_time,For how long do members of your household have to travel to reach the nearest operational marketplace or grocery store?,Intee in leeg ayuu qoyskaaga u safraa/ u socdaa si ay u gaadhaan suuqa ugu dhow ama dukaanka khudrada lagu iibiyo ee ugu dhow?,TRUE,,,,,,,,,,,,,,,,,,
68,select_one transport_type,market_transport,How do they get there?,Sidee ayay ku gaadhaan halkaas/ Maxay ku tagaan?,TRUE,"not(selected(${market_time},'dontknow'))",,,,,,,,,,,,,,,,,
,text,market_transport_other,"If other,please specify","Haddii midkale, fadlan geli. ",TRUE,"selected(${market_transport},'other')",,,,,,,,,,,,,,,,,
69,end_group,,,,,,,,,,,,,,,,,,,,,,
70,begin_group,displacement,Displacement,,,"selected(${consensus},'yes')",,,,,,,,,,,,,,,,,
71,select_one yes_no,yes_no_relocate,"Have you always lived in this village/settlement? (NOT moved from another location in Somalia due to events such as flood, drought or conflict)? ","Miyaad waligaaba ku noolayd deegaankan? ( Oo aan ka iman meel kale oo somalia dhexdeeda ah oo ay ka keeneen sida daadad, abaar ama colaado)?",TRUE,,,,,,,,,,,,,,,,,,
72,select_one yes_no,yes_no_idp,Are you a Somali who has moved from another location in Somalia?,Ma waxaad tahay somali ka yimid meel kale oo somalia ah?,TRUE,"selected(${yes_no_relocate}, 'no')",,,,,,,,,,,,,,,,,
73,select_one yes_no,yes_no_returnee,Are you a Somali returning to Somalia from another country?,Ma waxaad tahay somali ka yimid wadan kale?,TRUE,"selected(${yes_no_relocate}, 'no') and selected(${yes_no_idp}, 'no')",,,,,,,,,,,,,,,,,
74,select_one yes_no,yes_no_refugee,Are you a person of another nationality who has travelled from another country?,Ma waxaad tahay qof ajnabi ah (u dhashay wadan kale) oo ka soo safray wadan kale?,TRUE,"selected(${yes_no_relocate}, 'no') and selected(${yes_no_idp}, 'no') and selected(${yes_no_returnee}, 'no')",,"not(selected(.,'no'))",Cannot select no to all displacement types.  Check if person is really dispaced and read through questions again.,,,,,,,,,,,,,,
75,select_one yes_no,hosting_idp,"Are you currently hosting any people who are not usually members of this household and who share resources, such as food and water, with you?",Miyaad hadda martigalisay cid aan inta badan ka tirsanayn qoyska kuwaaso idinla wadaaga ilaha dhaqaale sida biyaha iyo cuntada?,TRUE,,,,,,,,,,,,,,,,,,
76,integer,hosting_idp_number,"How many people, NOT from your household, are you hosting?",Intee in leeg oo dad ah oo aan ka tirsanayn qoyskaaga ayaad martigalisaa?,TRUE,"selected(${hosting_idp}, 'yes')",,,,,,,,,,,,,,,,,
77,select_one district,district_idp,What is your district of origin?,Degmada aad ka soo jeedo waa xaggee?,TRUE,"selected(${yes_no_idp}, 'yes')",,,,,,,,,,,,,,,,,
78,end_group,,,,,,,,,,,,,,,,,,,,,,
79,begin_group,why_displaced,Reasons for displacement,Sababaha ay u barakaceen ,,"selected(${yes_no_relocate}, 'no') ",,,,,,,,,,,,,,,,,
80,date,left_aoo,When did you leave your area of origin?,Goorma ayaad ka timid deegaankaagii rasmiga ahaa?,true,"selected(${yes_no_relocate}, 'no') ",,. < today(),Must be before today,,,,,,,,,,,,,,
81,date,arrived_current,When did you arrive at the current location? (answer cannot be longer than previous answer),Goorma ayaad timid deegaankan aad hadda degentahay? ( jawaabta kama dheeraan karto jawaabti ka horeysay).,true,"selected(${yes_no_relocate}, 'no') ",,. <= today() and . >= ${left_aoo},Cannot be before date left AoO,,,,,,,,,,,,,,
,integer,displaced_locs,"In total, how many locations have you lived in since leaving your area of origin?","Guud ahaan, Immisa goobood ayaad degtay intii aad ku soo guurtay/tagtay goobtii aad ka noolayd markii ugu horeysay?",TRUE,"selected(${yes_no_relocate}, 'no') ",,,,,,,,,,,,,,,,,
82,calculate,difference_arrived_today_days,,,,,,,,,today() - ${arrived_current},,,,,,,,,,,,
83,calculate,difference_arrived_left_days,,,,,,,,,${arrived_current} - ${left_aoo},,,,,,,,,,,,
84,note,displacement_note,Which are the two main reasons for why you left your previous location?,Maxay yihiin labada sabababood ee ugu muhiimsan oo aad uga tagtay deegaankaagii hore? ,,"selected(${yes_no_relocate},'no')",,,,,,,,,,,,,,,,,
85,select_one reason1,disp_why1,"First reason_(Read response options to the respondent--except ""DNK"" and ""None"")_","Sababta koowaad_ (U aqri jawaabaha la wareeystaha - marka laga reebo ""ma garanayo"" iyo ""Ma jiro"") _",true,"selected(${yes_no_relocate},'no')",,,,,,,,,U akhri jawaab celiyaha qodobada la kala dooranayo,,,,,,,,
86,select_one reason1,disp_why2,"Second reason_(Read response options to the respondent-Except ""DNK"" and ""none"")_","Sababta labaad_ (u aqri jawaabaha la wareeystaha - Marka laga reebo ""ma garanayo"" iyo ""majiro"") _",true,"selected(${yes_no_relocate},'no') and not(selected(${disp_why1},'none') and selected(${disp_why1},""dontknow""))","not(selected(., ${disp_why1}))",,Can't select same as the first reason,name != ${disp_why1},,,,,U akhri jawaab celiyaha qodobada la kala dooranayo,,,,,,,,
87,note,disp_current_note,Which are the two main reasons for why you chose to come to this location?,Maxay yihiin sababaha ugu muhiimsan oo aad u dooratay inaad timaado meeshan?,,"selected(${yes_no_relocate},'no')",,,,,,,,,,,,,,,,,
88,select_one reason2,dest_loc_why1,"First reason_(Read response options to the respondent--except ""DNK"" and ""None"")_","Sababta koowaad_ (u aqri jawaabaha la wareeystaha - Marka laga reebo ""ma garanayo"" iyo ""majiro"") _",true,"selected(${yes_no_relocate},'no')",,,,,,,,,U akhri jawaab celiyaha qodobada la kala dooranayo,,,,,,,,
89,select_one reason2,dest_loc_why2,"Second reason_(Read response options to the respondent-Except ""DNK"" and ""none"")_","Sababta labaad_ (u aqri jawaabaha la wareeystaha - Marka laga reebo ""ma garanayo"" iyo ""majiro"") _",true,"selected(${yes_no_relocate},'no') and not(selected(${dest_loc_why1},'none') and not(selected(${dest_loc_why1},'no_conflict'))) and not(selected(${dest_loc_why1},'dontknow'))","not(selected(., ${dest_loc_why1}))",,Can't select the first reason,name != ${dest_loc_why1},,,,,U akhri jawaab celiyaha qodobada la kala dooranayo,,,,,,,,
90,select_one returnee_remain,returnee_remain_here,Do you intend to remain and settle in this location permanently?,Miyaad wax ka qabtaa inaad deegaankan si rasmi ah u deganaato?,true,,,,,,,,,,,,,,,,,,
91,select_one date2,when_continue,When will you move to your intended destination?,Goormaad tagaysaa meeshii aad rabtay?,true,"not(selected(${returnee_remain_here},'yes') or selected(${returnee_remain_here}, 'dontknow'))",,,,,,,,,,,,,,,,,
92,select_one district,district_intended,Which District do you intend to move to?,Degmadee ayaad doonaysaa inaad u guurto?,true,"selected(${returnee_remain_here},'elsewhere_somalia')",,,,,,,,,,,,,,,,,
93,end_group,,,,,,,,,,,,,,,,,,,,,,
94,begin_group,education,Education,Education,,"selected(${consensus},'yes')",,,,,,,,,,,,,,,,,
95,begin_group,education_level,Education Levels,Educaton Levels,,,,,,,,,,,,,,,,,,,
96,note,education_level_note,How many of the adults in your household (19+) have completed the following education levels? Hint: Enter the number of adults by highest level of education completed.,Imisa qof oo dadka waawayn ee qoyskiina ( ka wayn 19jir) ah ayaa dhamaystay herarkan soo socda ee wax barasho? Tilmaan: Gali tirada dadka waawayn ee dhamaystay heerka wax barasho.,,,,,,,,,,,,,,,,,,,
97,integer,education_tertiary,"Tertiary degree (university degree, for e.g. bachelor, master, or PhD) ","Heer jaamacadeed ( jaamacad heerka koowaad, tusaale:- heerka koowaad, heerka labaad ama heerka ugu sareeya)",TRUE,,,,,,,,,,,,,,,,,,
98,integer,education_vocational," Vocational degree (training on specific craft or job, for e.g. IT, electrician, carpenter, mechanic, cooking, sewing, etc.) ","Shahaado xirfadeed ( Tababar farsamo gaar ah ama shaqo, tusaale ahaan, Xirfadda computerka, Laydhka/Korontada, Nijaarka, Makaanika, cunto karinta, tolidda dharka/dawaarka iyo wixii la mida)",TRUE,,,,,,,,,,,,,,,,,,
99,integer,education_high, Secondary high school ,Wax barashada dugsiga sare ,TRUE,,,,,,,,,,,,,,,,,,
100,integer,education_middle, Secondary middle school ,Wax barashada dugsiga dhexe.,TRUE,,,,,,,,,,,,,,,,,,
101,integer,education_primary, Primary school ,Waxbarashada dugsiga hoose.,TRUE,,,,,,,,,,,,,,,,,,
102,integer,education_none, No degree,Aan waxba baran ,TRUE,,,,,,,,,,,,,,,,,,
104,end_group,,,,,,,,,,,,,,,,,,,,,,
105,begin_group,education_ennrollment,Education,Wax barashada ,,${children_school_age}>0,field-list,,,,,,,,,,,,,,,,
106,integer,enrollement_note,"For the current school year (2019-2020), how many school-aged children in the household were attending school regularly (at least 4 days per week) BEFORE the Covid-19 outbreak (date)?","Sanad dugsiyeedka hadda (2019-2020), imisa caruur ah oo da'da iskuulka ku jirtay ayaa iskuulka si joogto ah u tagayay (ugu yaraan 4 maalmood usbuucii) KA HOR DILAACA cudurka Covid-19 (taariikhda)?",TRUE,,,,,,,,,,,,,,,,,,
107,integer,enrolled_boys_6_12,How many boys aged 6-12 are enrolled in school?,Imisa wiil oo da'a doodu tahay 6 illaa 12 sanno ayaa dhigtay dugsiga?,TRUE,${males_6_12}>0 and ${enrollement_note}>0,,.<=${males_6_12} and .>=0,Cannot exceed total males of 6-12 years in household,,,,,,,,,,,,,,
108,integer,enrolled_girls_6_12,How many girls aged 6-12 are enrolled in school?,Imisa gabdhood oo da'adoodu tahay 6 illaa 12 sanno ayaa dhigtay dugsiga?,TRUE,${females_6_12}>0 and ${enrollement_note}>0,,.<=${females_6_12} and .>=0,Cannot exceed total females of 6-12 years in household,,,,,,,,,,,,,,
109,integer,enrolled_boys_13_17,How many boys aged 13-17 are enrolled school?,Imisa wiil oo da'a doodu tahay 13 illaa 17 sanno ayaa dhigtay dugsiga?,TRUE,${males_13_15}+${males_16_17}>0 and ${enrollement_note}>0,,.<=${males_13_15}+${males_16_17} and .>=0,Cannot exceed total under 18 male in household,,,,,,,,,,,,,,
110,integer,enrolled_girls_13_17,How many girls aged 13-17 are enrolled in school?,Imisa gabdhood oo da'adoodu tahay 13 illaa 17 sanno ayaa dhigtay dugsiga?,TRUE,${females_13_15}+${females_16_17}>0 and ${enrollement_note}>0,,.<=${females_13_15}+${females_16_17} and .>=0,Cannot exceed total under 18 female in household,,,,,,,,,,,,,,
111,calculate,enrolled_total,total enrolled children,,,,,,,,${enrolled_boys_6_12}+${enrolled_girls_6_12}+${enrolled_boys_13_17}+${enrolled_girls_13_17},,,,,,,,,,,,
112,calculate,HH_schoolaged_children,total school-aged children in Household,,,,,,,,${males_6_12}+${females_6_12}+${males_13_15}+${females_13_15}+${males_16_17}+${females_16_17},,,,,,,,,,,,
113,calculate,out_of_school,difference_Hhchildren_totalenrolled,,,,,,,,${HH_schoolaged_children}-${enrolled_total},,,,,,,,,,,,
114,end_group,,,Wax barashada ,,,,,,,,,,,,,,,,,,,
,begin_group,education_traveltime,Education Travel Time,Wax barashada1,,"selected(${consensus},'yes') and ${children_school_age}>0",,,,,,,,,,,,,,,,,
,select_one time,school_time,How long does it take the students to get to school?,,TRUE,,,,,,,,,,,,,,,,,,
115,select_one school_transport,school_transport,How did they get to school?,Sidee bay ku gaareen dugsiga?,TRUE,"not(selected(${school_time},'dnk')) ",,,,,,,,,,,,,,,,,
,end_group,,,,,,,,,,,,,,,,,,,,,,
116,begin_group,education_types,Education Type,Nooca Waxbarashada,,"selected(${consensus},'yes') and ${children_school_age}>0",,,,,,,,,,,,,,,,,
117,select_multiple edu_facilities,education_type,Which types of education facilities do school-aged children attend?,Waa kuwee noocyada tas-hiilaadka waxbarasho ee carruurta da'da iskuulka dhigata taga?,TRUE,${children_school_age}>0,,"not(selected(.,'dnk')and count-selected(.) >1)","Cannot select ""don't know"" and any other option. Please revise",,,,,,,,,,,,,,
,end_group,,,,,,,,,,,,,,,,,,,,,,
118,begin_group,school_attendance,Attendance ,Imanshaha,,"selected(${consensus},'yes') and ${children_school_age}>0",field-list,,,,,,,,,,,,,,,,
119,integer,covid_enrollement,How many school-aged children in the household stopped attending school since the outbreak (including those who have since returned)?,imisa ilmod oo garey da'di iskoolka ayaa joojiyey adista iskolada sidi uu u dilacy xanuunka(marki lagu daroh kuwa laga xirey),TRUE,,,,,,,,,,,,,,,,,,
120,integer,covid_boys_6_12,How many boys aged 6-12 stopped attending school due to COVID?,Imisa wiil oo da'a doodu tahay 6 illaa 12 sanno ayaa dhigtay dugsiga?,TRUE,${males_6_12}>0 and ${covid_enrollement}>0,,.<=${males_6_12} and .>=0,Cannot exceed total males of 6-12 years in household,,,,,,,,,,,,,,
121,integer,covid_girls_6_12,How many girls aged 6-12 stopped atending school due to COVID?,Imisa gabdhood oo da'adoodu tahay 6 illaa 12 sanno ayaa dhigtay dugsiga?,TRUE,${females_6_12}>0 and ${enrollement_note}>0,,.<=${females_6_12} and .>=0,Cannot exceed total females of 6-12 years in household,,,,,,,,,,,,,,
122,integer,covid_boys_13_17,How many boys aged 13-17 stopped attending school due to COVID?,Imisa wiil oo da'a doodu tahay 13 illaa 17 sanno ayaa dhigtay dugsiga?,TRUE,${males_13_15}+${males_16_17}>0 and ${enrollement_note}>0,,.<=${males_13_15}+${males_16_17} and .>=0,Cannot exceed total under 18 male in household,,,,,,,,,,,,,,
123,integer,covid_girls_13_17,How many girls aged 13-17 stopped attending school due to COVID?,Imisa gabdhood oo da'adoodu tahay 13 illaa 17 sanno ayaa dhigtay dugsiga?,TRUE,${females_13_15}+${females_16_17}>0 and ${enrollement_note}>0,,.<=${females_13_15}+${females_16_17} and .>=0,Cannot exceed total under 18 female in household,,,,,,,,,,,,,,
124,end_group,,School attendance,Imaanshi iskuulka ,,,,,,,,,,,,,,,,,,,
125,begin_group,attendance_covid19,Attendance covid19,Imaanshi iskuulka Covid-19 ,,"selected(${consensus},'yes')",,,,,,,,,,,,,,,,,
126,select_multiple reason_school1,attend_covid19,"If children stopped attending school since the outbreak, what were the main reasons? (Select up to 3)","Haddii carruurtu joojiyeen inay dugsiga aadaan tan iyo markii uu cudurku dillaacay, maxay ahaayeen sababaha ugu waaweyn? (Xulo ilaa 3)",TRUE,${covid_boys_6_12}>0 or ${covid_girls_6_12}>0 or ${covid_boys_13_17}>0 or ${covid_girls_13_17}>0,,"not((selected(.,'no_answer')) and count-selected(.) >1)",Cannot select 'Not sure or prefer not to answer' and any other option,,,,,,,,,,,,,,
,text,attend_covid19_other,Specify other,"Wax kale, Qeex",TRUE,"selected(${attend_covid19},'other')",,,,,,,,,,,,,,,,,
127,end_group,,Attendance covid19,Imaanshi iskuulka Covid-19 ,,,,,,,,,,,,,,,,,,,
128,begin_group,school_attendance_prior,School Attendance Prior Covid,Imaanshi iskuulka kahor covid-19,,"selected(${consensus},'yes') and ${children_school_age}>0",field-list,,,,,,,,,,,,,,,,
129,integer,enrollement_note2,"Prior to the Covid-19 outbreak, how many school-aged children in the household dropped out of school during the current school year (2019-2020)? Enter 0 if none. Dropped out = child attended school at the beginning of the year (or end of the previous school year) but stopped attending at some point since then.","Kahor faafitaanka Covid-19, imisa caruur ah oo da'da iskuulka ku jirtay ayaa ka baxay iskuulka mudadii sanad dugsiyeedka (2019-2020)? Gali 0 haddii aysan jirin. Ka degay = ilmo dhiganayay iskuul bilowgii sanadka (ama dhamaadka sanad dugsiyeedkii hore) laakiin joojiyey imaanshaha mar uun ilaa waqtigaas.",TRUE,,,,,,,,,,,,,,,,,,
130,integer,enrolled_boys_6_12e,How many boys aged 5-12 dropped out of school?,Imisa wiil oo da'a doodu tahay 5 illaa 12 sanno ayaa dhigtay dugsiga?,TRUE,${males_6_12}>0 and ${enrollement_note2}>0,,.<=${males_6_12} and .>=0,Cannot exceed total males of 6-12 years in household,,,,,,,,,,,,,,
131,integer,enrolled_girls_6_12e,How many girls aged 5-12 dropped out of school?,Imisa gabdhood oo da'adoodu tahay 5 illaa 12 sanno ayaa dhigtay dugsiga?,TRUE,${females_6_12}>0 and ${enrollement_note2}>0,,.<=${females_6_12} and .>=0,Cannot exceed total females of 6-12 years in household,,,,,,,,,,,,,,
132,integer,enrolled_boys_13_17e,How many boys aged 13-17 dropped out of school?,Imisa wiil oo da'a doodu tahay 13 illaa 17 sanno ayaa dhigtay dugsiga?,TRUE,${males_13_15}+${males_16_17}>0 and ${enrollement_note2}>0,,.<=${males_13_15}+${males_16_17} and .>=0,Cannot exceed total under 18 male in household,,,,,,,,,,,,,,
133,integer,enrolled_girls_13_17e,How many girls aged 13-17 dropped out of school?,Imisa gabdhood oo da'adoodu tahay 13 illaa 17 sanno ayaa dhigtay dugsiga?,TRUE,${females_13_15}+${females_16_17}>0 and ${enrollement_note2}>0,,.<=${females_13_15}+${females_16_17} and .>=0,Cannot exceed total under 18 female in household,,,,,,,,,,,,,,
134,end_group,,School_Attendance prior,Imaanshi iskuulka kahor covid-19,,,,,,,,,,,,,,,,,,,
135,begin_group,school_barriers,School barriers,Caqabadaha iskoolka,,"selected(${consensus},'yes') and ${children_school_age}>0",,,,,,,,,,,,,,,,,
136,integer,remote_education,How many of the school-aged children in the household (who were previously attending school) have been following or trying to follow their school curriculum remotely since leaving school?,Immisa caruur ah oo da'da iskuulka ku jirta ee guriga ku jiray (kuwaas oo horey iskuulka u dhigan jireen) ayaa raacay ama isku dayaya in ay raacaan manhajka iskuulada isagoo gurigiisa jooga (isagoo ka baranaayo telefoon ama aalada internet-ka)  markaaba markay iskuulka ka joogeen?,TRUE,,,,,,,,,,,,,,,,,,
137,integer,home_boys_6_12,How many boys aged 6-12 are continueing school from home?,Imisa wiil oo da'a doodu tahay 6 illaa 12 sanno ayaa dhigtay dugsiga?,TRUE,${males_6_12}>0 and ${remote_education}>0,,.<=${males_6_12} and .>=0,Cannot exceed total males of 6-12 years in household,,,,,,,,,,,,,,
138,integer,home_girls_6_12,How many girls aged 6-12 are continueing school from home?,Imisa gabdhood oo da'adoodu tahay 6 illaa 12 sanno ayaa dhigtay dugsiga?,TRUE,${females_6_12}>0 and  ${remote_education}>0,,.<=${females_6_12} and .>=0,Cannot exceed total females of 6-12 years in household,,,,,,,,,,,,,,
139,integer,home_boys_13_17,How many boys aged 13-17 are continueing school from home?,Imisa wiil oo da'a doodu tahay 13 illaa 17 sanno ayaa dhigtay dugsiga?,TRUE,${males_13_15}+${males_16_17}>0 and  ${remote_education}>0,,.<=${males_13_15}+${males_16_17} and .>=0,Cannot exceed total under 18 male in household,,,,,,,,,,,,,,
140,integer,home_girls_13_17,How many girls aged 13-17 are continuing school from home?,Imisa gabdhood oo da'adoodu tahay 13 illaa 17 sanno ayaa dhigtay dugsiga?,TRUE,${females_13_15}+${females_16_17}>0 and  ${remote_education}>0,,.<=${females_13_15}+${females_16_17} and .>=0,Cannot exceed total under 18 female in household,,,,,,,,,,,,,,
142,select_multiple remote_via,remote_edu_via,"If yes, how?_(Read out response options to respondent)_","Hadey haa tahy,sideeh?",TRUE,${remote_education}>0,,,,,,,,,,,,,,,,,
,text,remote_edu_via_other,Specify other,"sheeg, mid kale",TRUE,"selected(${remote_edu_via},'other')",,,,,,,,,,,,,,,,,
143,select_multiple school_material,school_material,Do school-aged children in the household have access to the following learning materials?_(Read response options to the respondent)_,Caruurta da'da iskuulka ku jirta ee qoysku ma heli karaan agabyada waxbarasho ee soo socda? (u aqri jawaabaha xulashooyinka qofka aad wareeysaneysid) _,TRUE,${remote_education}>0,,"not(selected(.,'of_matrials') or selected(.,'sure_matrials') and count-selected(.)>1)",,,,,,,U akhri jawaab celiyaha qodobada la kala dooranayo,,,,,,,,
144,select_multiple school_barriers,school_barrier_note,"What are the top three barriers, if any, that boys in the household face to accessing education?_(Read out response options to respondent)_","waa maxay sadexda caqabadood oo ugu waayeyn,hadii ay jiran,kuwas oo wiilasha guriga joogah wajahan caqabadoh waxbarasho?",TRUE,${males_6_12}+${males_13_15}+${males_16_17}>0,,"not(selected(.,'no_barriers') and count-selected(.)>1)","Cannot select ""no_barriers"" while selecting any other response.  Please revise",,,,,,,,,,,,,,
148,text,school_barrier_other,"Other, specify","wax kale,cadee",TRUE,"selected(${school_barrier_note},'other') ",,,,,,,,,,,,,,,,,
149,select_multiple school_barriers,school_barrier_girls_note,"What are the top three barriers, if any, that girls in the household face to accessing education?_(Read out response options to respondent)_","waa maxay sadexda caqabadood oo ugu waayeyn,hadii ay jiran,ee gabdaha guriga joogah wajahan in ay awoodaadan  waxbarasho?",TRUE,${females_6_12}+${females_13_15}+${females_16_17}>0,,"not(selected(.,'no_barriers') and count-selected(.)>1)","Cannot select ""no_barriers"" while selecting any other response.  Please revise",,,,,,,,,,,,,,
153,text,school_barrier_girls_other,"Other, specify","wax kale,cadee",TRUE,"selected(${school_barrier_girls_note},'other') ",,,,,,,,,,,,,,,,,
154,end_group,,School barriers,Caqabadaha iskoolka,,,,,,,,,,,,,,,,,,,
,begin_group,education_support,Education support,,,"selected(${consensus},'yes') and ${children_school_age}>0",,,,,,,,,,,,,,,,,
155,select_multiple cashforeducation,cash_education,"If available, what type of support would help your child with attending school or participating in regular learning activities? [Do not read options to respondent]_(Select up to 3)_","Haddii la heli karo, taageero noocee ah ayaa ka caawinaysa cunuggaaga dhigashada dugsiga ama kaqeyb qaadashada nashaadaadka waxbarasho ee caadiga ah?[Ha u aqrinin xulashooyinka jawaabeyaha] _ (Xulo ilaa 3) _",TRUE,,,"not((selected(.,'Not_sure') or selected(.,'not_needed_wanted')) and count-selected(.) >1)","Cannot select ""Not sure"" or  ""no support needed or wanted"" with any other response.  Please revise.",,,,,,"Ha u akhriyin qodobada hoos ku qoran, ka dooro qofku wuxuu ku sheego. Waxaa la dooranayaa ilaa saddex. ",,,,,,,,
156,text,cash_education_other,"Other, specify","wax kale,cadee",TRUE,"selected(${cash_education},'other')",,,,,,,,,,,,,,,,,
157,select_multiple homelearning,home_learning,"If available, what types of support would most help your children with home-based learning?","Haddii la heli karo, taageero noocee ah ayaa sida ugu badan carruurtaada uga caawin karta waxbarashadda guriga ku saleysan?",TRUE,,,"not((selected(.,'not_sure') or selected(.,'no_needed')) and  count-selected(.) >1)","Cannot select ""Not sure"" or  ""no support needed or wanted"" with any other response.  Please revise.",,,,,,,,,,,,,,
158,text,home_learning_other,"Other, specify","wax kale,cadee",TRUE,"selected(${home_learning},'other')",,,,,,,,,,,,,,,,,
,end_group,,Education support,,,,,,,,,,,,,,,,,,,,
,end_group,,Education,,,,,,,,,,,,,,,,,,,,
159,begin_group,Health,Health,Caafimad,,"selected(${consensus},'yes')",,,,,,,,,,,,,,,,,
160,select_multiple health_condition,health_household,"In the last two weeks, did any household member have any of the following illnesses or injuries?_(Read response options to the respondent)_","Labadii toddobaad ee la soo dhaafay, xubin reerka ka tirsan ma isku arkay wax ka mid ah cudurrada ama dhaawacyada soo socda? _ (u akhrii ikhtiyaaraadka jawaabta la wareeystaha) _
",TRUE,,,"not((selected(.,'none') or selected(.,'dontknow')) and count-selected(.)>1)","Cannot select ""none"" or ""donâ€™t kn"" with any other response.  Please revise.",,,,,,U akhri jawaab celiyaha qodobada la kala dooranayo,,,,,,,,
161,begin_group,health_issue ,Health Issue ,xalad caafimaad,,"not(selected(${health_household},'none') or selected(${health_household},'dontknow'))",field-list,,,,,,,,,,,,,,,,
162,note,health_issue_note,"If yes, could you specify the age and gender of the person?","Hadey haa tahy, macadayn karta da'da iyo jinsiga qofka?",,,,,,,,,,,,,,,,,,,
165,integer,males_0m_5me,Males 0 months - 5 years,Rag 0 bil ilaa 5 sano jir ah,TRUE,,,.>=0 and .<=10,"Must be a positive number, and less than 10",,,,,,,,,,,,,,
166,integer,females_0m_5me,Females 0 months - 5 years,Dumar 0 bil ilaa 5 sano jir ah,TRUE,,,.>=0 and .<=10,"Must be a positive number, and less than 10",,,,,,,,,,,,,,
167,integer,males_6_12me,Males 6-12 years,Rag 6-12 jir ah,TRUE,,,.>=0 and .<=10,"Must be a positive number, and less than 10",,,,,,,,,,,,,,
168,integer,females_6_12me,Females 6-12 years,Dumar 6-12 jir ah,TRUE,,,.>=0 and .<=10,"Must be a positive number, and less than 10",,,,,,,,,,,,,,
169,integer,males_13_15e,Males 13-15 years,Rag 13-15 jir ah,TRUE,,,.>=0 and .<=10,"Must be a positive number, and less than 10",,,,,,,,,,,,,,
170,integer,females_13_15e,Females 13-15 years,Dumar 13-15 jir ah,TRUE,,,.>=0 and .<=10,"Must be a positive number, and less than 10",,,,,,,,,,,,,,
171,integer,males_16_17e,Males 16-17 years,Rag 16-17 jir ah,TRUE,,,.>=0 and .<=10,"Must be a positive number, and less than 10",,,,,,,,,,,,,,
172,integer,females_16_17e,Females 16-17 years,Dumar 16-17 jir ah,TRUE,,,.>=0 and .<=10,"Must be a positive number, and less than 10",,,,,,,,,,,,,,
173,integer,males_18_40e,Males 18-40 years,Rag 18-40 jir ah,TRUE,,,.>=0 and .<=10,"Must be a positive number, and less than 10",,,,,,,,,,,,,,
174,integer,females_18_40e,Females 18-40 years,Dumar 18-40 jir ah,TRUE,,,.>=0 and .<=10,"Must be a positive number, and less than 10",,,,,,,,,,,,,,
175,integer,males_41_59e,Males 41-59 years,Rag 41-59 jir ah,TRUE,,,.>=0 and .<=10,"Must be a positive number, and less than 10",,,,,,,,,,,,,,
176,integer,females_41_59e,Females 41-59 years,Dumar 41-59 jir ah,TRUE,,,.>=0 and .<=10,"Must be a positive number, and less than 10",,,,,,,,,,,,,,
177,integer,males_60_overe,Males 60 or older,Rag 60 jir ah ama ka weyn,TRUE,,,.>=0 and .<=10,"Must be a positive number, and less than 10",,,,,,,,,,,,,,
178,integer,females_60_overe,Females 60 or older,Dumar 60 jir ah ama ka weyn,TRUE,,,.>=0 and .<=10,"Must be a positive number, and less than 10",,,,,,,,,,,,,,
179,end_group,,Health Issue ,xalad caafimaad,,,,,,,,,,,,,,,,,,,
180,select_one health_access,health_access,Were you or your household members able to access healthcare in response to any illness or injury in the last 6 months?,Adiga ama xubnaha qoyskaaga awood ma ulahaayeen iin inaad daryeel caafimaad ka heshaan wax ka qabashada cudur ama dhaawac kasta 6dii bilood ee la soo dhaafay?,true,"not(selected(${health_household}, 'none') or selected(${health_household}, 'dontknow'))",,,,,,,,,,,,,,,,,
181,select_multiple health_seek,health_seek,"If yes, where did you seek advice or treatment?","Hadday haa tahay, xaggee baad ka raadsatay talo ama daaweyn?",true,"selected(${health_access},'yes')",,,,,,,,,,,,,,,,,
182,select_one birth_location,birth_where,Where have women in the family given birth in the past year?,Xagee ayay ku dhali jireen dumarka qoyskiina ka tirsan sanadkii la soo dhaafay?,true,"selected(${pregnancy},'yes') and ${hh_female}>0",,,,,,,,,,,,,,,,,
183,select_one who_assist,who_assist,Who assisted with the delivery?,Kumaa ka caawiyey Dhalitanka?,true,"not(selected(${birth_where},'no_birth'))",,,,,,,,,,,,,,,,,
184,begin_group,child_vaccination,Child Vaccination,Child Vaccination,,"selected(${consensus},'yes') and ${children_vaccine_age}>0",,,,,,,,,,,,,,,,,
185,select_one y_n_dk,unvaccinated_child,Are there any unvaccinated children in the household?,Ma jiraan carruur aan tallaalnayn guriga dhexdiisa?,TRUE,${children_vaccine_age}>0,,,,,,,,,,,,,,,,,
192,select_multiple barriers_health,unvaccinated_why,Why have children not been vaccinated? (Select up to 3)_(Read out response options to respondent)_,Maxaa carruurtu aan loo tallaalin?(Xulo ilaa 3),TRUE,"selected(${unvaccinated_child},'yes')",,count-selected(.)=3,,,,,,,,,,,,,,,
193,end_group,,,,,,,,,,,,,,,,,,,,,,
194,select_one time,health_time,How long does it take you to reach the nearest healthcare facility?,Mudo intee leeg ayay kugu qaadataa inaad gaadho rugta daryeelka caafimaadka ee kuugu dhaw?,TRUE,,,,,,,,,,,,,,,,,,
195,select_one transport_type,health_transport,How do you get there?,Sidee ku gaartaa/tagtaa halkaa?,TRUE,,,,,,,,,,,,,,,,,,
,text,healh_transport_other,"If other,please specify",,TRUE,"selected(${health_transport},'other')",,,,,,,,,,,,,,,,,
196,integer,health_cost,How much does your household spend per month on healthcare in US Dollars?,Immisa ayuu ku kharash gareeyaa qoyskaaga bil kasta daryeelka caafimaad doolar ahaan?,TRUE,,,,,,,,,,Doolar ahaan geli lacagta,,,,,,,,
197,select_one y_n_dk,health_mobile,"Have you or anyone in your household had access to a mobile health team (doctors, nurses, NGO) in the past 6 months?","Ma jiraa adiga ama qof qoyskiina ka tirsan oo helay kooxda caafimaadka ee wareega (dhakhaatiir, kalkaaliyayaal caafimaad, Hay'ad ) 6 bilood ee lasoo dhaafay?",TRUE,,,,,,,,,,,,,,,,,,
198,select_multiple barriers_health,barriers_health,"What difficulties, if any, are encountered when attempting to access health services or treatment?_(Read out response options to respondents)_","Waa maxay dhibaatooyinka,
haddii ay jiraan ee  idinka hortaagan inaad heshaan adeeg daryeel caafimaad?",TRUE,,,"not(selected(.,'no_issues') and count-selected(.)>1)","Cannot select ""no issue"" while selecting any other response.  Please revise",,,,,,,,,,,,,,
,text,barriers_health_other,Specify other,"sheeg, mid kale",TRUE,"selected(${barriers_health},'other')",,,,,,,,,,,,,,,,,
199,select_multiple cashforhealth,cash_health,"If available, what would be the main type of support you would require for healthcare or accessing healthcare facilities? (select up to 3) [Do not read response options]","Haddii la heli karo, waa maxay nooca ugu weyn ee taageero uga baahan tahay daryeelka caafimaad ama helitaanka xarun/rug caafimaad?",TRUE,"not(selected(${barriers_health},'no_issue'))",,"not(selected(.,'dont_want') and count-selected(.)>1)","Cannot select ""don't want"" while selecting any other response.  Please revise",,,,,,"Ha u akhriyin qodobada hoos ku qoran, ka dooro qofku wuxuu ku sheego. Waxaa la dooranayaa ilaa saddex. ",,,,,,,,
,text,cash_health_other,Specify other,"sheeg, mid kale",TRUE,"selected(${cash_health},'other')",,,,,,,,,,,,,,,,,
200,end_group,,Health,Caafimad,,,,,,,,,,,,,,,,,,,
201,begin_group,nutrition,Nutrition,,,"selected(${consensus},'yes')",,,,,,,,,,,,,,,,,
202,begin_group,nutrition1,Begin group,,,,,,,,,,,,,,,,,,,,
203,select_one yes_no,worry_health,Are you worried about the health of your child/any of your children?,Ma ka walwalaysaa caafimaadka ilmahaaga / mid ka mid ah carruurtaada?,TRUE,${hh_children}>0,,,,,,,,,,,,,,,,,
204,select_one child_fever_time,unusually_sleepy,"Is your child unusually sleepy, not feeling well, vomiting everything, or had any loss ofconsciousness or seizures? If yes, has it been going on for more than 7 days?","Ilmahaagu miyuu si aan caadi ahayn hurdo badan yahay, oo aanu caafimaad qabin, matagaa wax kasta, ama miyir dabblmid ama miyir beelid?Hadday haa tahay, miyey socdey wax ka badan 7 maalmood?",TRUE,${hh_children}>0,,,,,,,,,,,,,,,,,
205,select_one child_fever_time,child_fever,"If your child is currently sick or has a fever, has it been going on for more than 7 days?","Haddii ilmahaagu hadda xannuunsanyahay  ama qandho hayso, miyuu ku sii socday in ka badan 7 maalmood?",TRUE,${hh_children}>0,,,,,,,,,,,,,,,,,
206,select_one yes_no,child_thin,Do you think your child is too thin or is becoming thinner than before?,Ma u malaynaysaa in ilmahaagu aad u dhuuban yahay ama uu ka khafiifinayo sidii hore?,TRUE,${hh_children}>0,,,,,,,,,,,,,,,,,
207,select_one eating,eating_normally,"Is your child still feeding or eating normally? If no, has this been for 2 days or more?","Ilmahaagu wali  ma quuditaa mise wax muu cunayaa? Hadday jawabtaado maya tahay, miyay tani ahayd 2 maalmood ama kabadan?",TRUE,"selected(${child_thin},'yes') and ${hh_children}>0",,,,,,,,,,,,,,,,,
208,select_one yes_no,eating_abnormally_length,"If no, has this been going on for 2 days or more?","Hadday maya tahay, miyay tani sii soconaysay 2 maalmood ama kabadan?",TRUE,"selected(${eating_normally},'no') and ${hh_children}>0",,,,,,,,,,,,,,,,,
209,select_one yes_no,malnourished,Has your child previously been identified as malnourished or admitted to a nutrition treatmentprogramme?,Ilmahaaga mar hore ma loo aqoonsaday inuu nafaqo-xumo qabo ama loo seexiyay barnaamij daaweyn nafaqo leh?,TRUE,${hh_children}>0,,,,,,,,,,,,,,,,,
210,select_one yes_no,nutrition_visit,Have you or anyone in your household received a visit from a mobile nutrition team to assess for malnutrition in the past 6 months?,Ma jiraa adiga ama qof qoyskiina ka tirsan oo laga soo booqday xarumaha nafaqada  6 bilood ee lasoo dhaafay?,TRUE,,,,,,,,,,,,,,,,,,
211,select_one yes_no,nutrition_enroll,Are there any children enrolled in a nutritional centre or therapeutic feeding centre since the past 6 months?,Ma jiraan caruur qoyskiina ka tirsan oo laga diiwaangeliyay xarun nafaqo ama xarun quudinta daweysan lixdii bilood ee lasoo dhaafay?,TRUE,${hh_children}>0,,,,,,,,,,,,,,,,,
212,select_one yes_no_notneeded,nearest_nutrition,Have you been able to access Â the nearest nutritional centre or therapeutic feeding centre when needed,Ma awooday inaad tagtid xarunta nafaqada ama xarunta quudinta dawaysan ee kuugu dhow markaad u baahato?,TRUE,,,,,,,,,,,,,,,,,,
213,select_one time,nutrition_time,How long does it take you to reach the nearest nutritional centre or therapeutic feeding centre?,Immisa ayay kugu qaadataa inaad ku gaartid/tagtid xarunta nafaqada  ama xarunta quudinta daweysan ee kuugu dhow?,TRUE,"selected(${nearest_nutrition},'yes')",,,,,,,,,,,,,,,,,
214,select_one transport_type,Nutrition_transport,How do you get there?,Sidee ku gaartaa/tagtaa halkaa?,TRUE,"selected(${nearest_nutrition},'yes')",,,,,,,,,,,,,,,,,
215,select_multiple nutrition_barriers,nutrition_barriers,"What difficulties, if any, are encountered when attempting to access nutrition services or treatment?_(Select up to 3. Read out response options to respondent)_","Dhibaatooyin noocee ah ayaa jira, haddii ay jiraan, oo ay la kulmayaan markii la iskudayo in la helo adeegyo nafaqo ama daaweyn? _ (Xulo ilaa 3) _",TRUE,,,"not((selected(.,'none'))  and count-selected(.) <=3)",,,,,,,,,,,,,,,
,text,nutrition_barriers_other,Specify other,,TRUE,"selected(${nutrition_barriers},'other')",,,,,,,,,,,,,,,,,
216,end_group,,End group,,,,,,,,,,,,,,,,,,,,
217,end_group,,Nutrition,,,,,,,,,,,,,,,,,,,,
218,begin_group,wash,WASH,,,"selected(${consensus},'yes')",,,,,,,,,,,,,,,,,
219,begin_group,wash1,Begin group,,,,,,,,,,,,,,,,,,,,
220,select_one water_source,water_source,What is the main source of water used by your household for drinking?_(Read out response options to respondent)_,Waa maxay isha biyaha ugu weyn ee qoysku u isticmaalo  cabida?,TRUE,,,,,,,,,,,,,,,,,,
,text,water_source_other,"Other, specify",,TRUE,"selected(${water_source},'other_please')",,,,,,,,,,,,,,,,,
221,select_multiple enough_water,enough_water,Does your household currently have enough water to meet the following needs?_(Read response options to the respondent)_,"Qoyskaaga hadda ma haystaa biyo ku filan oo ay ku daboolaan baahiyaha soo socda? _ (u akhri ikhtiyaaraadka jawaabta qofka la wareeysanayo) _
",TRUE,,,"not((selected(.,'dontknow')) and count-selected(.) >1)",,,,,,,U akhri jawaab celiyaha qodobada la kala dooranayo,,,,,,,,
222,select_one water_source_time,water_source_time,"How long does it take to go to your main water source, fetch water, and return (including queuing at the water source)?_(Read out response options to respondent)_",Imisa ayey kugu qaadaneysaa inaad u lugeysid goobta kugu dhaw ee biyaha laga soo dhaansado?,TRUE,,,,,,,,,,,,,,,,,,
223,select_multiple water_barriers,water_barrier,"Does your household have problems related to access to water? If yes, which ones?_(Read out response options to respondent)_","Mudo intee le'eg ayay qaadataa in la tago gobta biyahaaga, dhamista biyaha, iyo soo noqoshada (ooy kujirto safka loo galo biyaha)?",TRUE,,,"not((selected(.,'no_problem') or selected(.,'don_know')) and count-selected(.)>1)","Cannot select ""no problem"" or ""donâ€™t kn"" while selecting any other response. Please revise",,,,,,,,,,,,,,
,text,water_barrier_other,"Other, specify",,TRUE,"selected(${water_barrier},'other')",,,,,,,,,,,,,,,,,
224,integer,on_water,How much does your household spend per month on water in US Dollars?,Immisa ayuu qoyskaaga ku kharash gareeyaa  biyaha bishii doolar ahaan?,TRUE,,,,,,,,,,Doolar ahaan geli lacagta,,,,,,,,
225,select_multiple lack_water,of_water,How does your household adapt to lack of water?_(Read out response options to respondent)_,Sidee reerkaagu ula qabsadaan biyo laâ€™aant,TRUE,,,"not((selected(.,'doesn_t_have_issue')) and count-selected(.) >1)","Cannot select ""doesn't have issue"" or ""donâ€™t kn"" while selecting any other response. Please revise",,,,,,,,,,,,,,
,text,of_water_other,"Other, specify",,TRUE,"selected(${of_water},'other')",,,,,,,,,,,,,,,,,
226,select_one latrine_type,sanitation_facility,What kind of sanitation facility (latrine/toilet) does your household usually use?_(Read out response options to respondent)_,Waa noocee xarun fayadhowr (suuliga / musqusha) badanaa reerkaada isticmaala?,TRUE,,,,,,,,,,,,,,,,,,
,text,sanitation_facility_other,"Other, specify",,TRUE,"selected(${sanitation_facility},'other')",,,,,,,,,,,,,,,,,
227,select_one y_n_dk,other_households,Do you share this sanitation facility with other households? ,Ma la wadaagaysaa xarunta  fayadhowrka qoysaska kale? qoysaska kale?,TRUE,"not(selected(${sanitation_facility},'none_of') or selected(${sanitation_facility}, 'open_hole') or selected(${sanitation_facility}, 'dontknow'))",,,,,,,,,,,,,,,,,
,text,other_households_other,"Other, specify",,TRUE,"selected(${other_households},'other')",,,,,,,,,,,,,,,,,
228,integer,no_toilet,"If yes, how many households use this sanitation facility (latrine/toilet)?","Hadday haa tahay, meeqa qoys ayaa isticmaala xarunta fayadhowrka (suuliga / musqusha)?",TRUE,"selected(${other_households},'yes')",,.>0,Must greater than 0,,,,,,,,,,,,,,
229,select_multiple latrine_feature,latrine_features,Does your latrine have any of the following features?_(Read response options to the respondent)_,Musqushaadu ma leedahay astaamahan soo socda midkood? _ (u aqri ikhtiyaarka jawaabaha qofka la wareeysanayo) _ _,TRUE,"not(selected(${sanitation_facility},'none_of') or selected(${sanitation_facility}, 'open_hole') or selected(${sanitation_facility}, 'dontknow'))",,,,,,,,,U akhri jawaab celiyaha qodobada la kala dooranayo,,,,,,,,
230,select_one waste_disposal,waste_disposal,"How does your household dispose of solid household waste, faeces (or faeces of children)?","Sidee reerkaaga isaga asturtaan qashinka guriga, saxarada (ama saxarada carruurta)?",TRUE,,,,,,,,,,,,,,,,,,
231,select_multiple sanitation_barriers,sanitation_barriers,"Do you have problems related to sanitation facilities (latrines/toilets)? If yes, which ones?_(Read out response options to respondent)_","Ma qabtaa dhibaatooyin la xarinta fayadhowrka (suuliga / musqulaha)? Hadday haa tahay, waa kuwee?",TRUE,,,"not((selected(.,'no_problem') or selected(.,'don_know')) and count-selected(.)>1)","Cannot select ""no problem"" or ""donâ€™t kn"" while selecting any other response. Please revise",,,,,,,,,,,,,,
,text,sanitation_barriers_other,"Other, specify",,TRUE,"selected(${sanitation_barriers},'other')",,,,,,,,,,,,,,,,,
232,select_multiple sanitation_coping,sanitation_coping,How do you adapt to issues related to sanitation facilities (latrines/toilets)?_(Read out response options)_,sidee ula qabsan kartaa arimaha la xiriira tas-hiilaadka fayadhowrka (musqulaha/musqusha),TRUE,"not(selected(${sanitation_barriers},'no_problem') or selected(${sanitation_barriers}, 'dontknow'))",,,"Cannot select ""no problem"" or ""donâ€™t kn"" while selecting any other response. Please revise",,,,,,,,,,,,,,
,text,sanitation_coping_other,"Other, specify",,TRUE,"selected(${sanitation_coping},'other')",,,,,,,,,,,,,,,,,
233,select_one y_n_dk,soap_access,Do you have any soap in your household? ,maku haysataa wax saabuun ah gurigaaga?.,TRUE,,,,,,,,,,,,,,,,,,
234,select_one hand_washing_facility,hand_washing_facility,"What kind of handwashing facility do your household members usually use to wash their hands? 
 A jandwashing facility refers to a fixed or mobile device designed to contain, transport or regulate the flow of water to facilitate handwashing. They include sinks with tap water, buckets with
 taps, tippy-taps, and jugs or basins designated for handwashing","Qalab gacma-dhaqidnoocee ah ayay xubnaha reerkaagu caadi ahaan u isticmaalaan inay maydhaan gacmahooda?Xaruntamaydhistagacantu waxay la xiriirtaa qalab go'an ama qalab mobilo loogu talagalay inay kujirto, qaado ama nidaamiso socodka socodka biyaha si loo fududeeyo gacmo-dhaqashada. oo ay ku jiraanqasabado, qasabadado, iyo marooyin ama waaskooyin loogu talo galay gacmo-dhaqashada",TRUE,,,,,,,,,,,,,,,,,,
,text,handwashing_facility_other,"Other, specify",,TRUE,"selected(${hand_washing_facility},'other')",,,,,,,,,,,,,,,,,
235,select_multiple hand_washing_coping,hygeine_coping,How does your household adapt to issues related to lack of access to hygiene items?_(Read out response options to respondent)_,"sidee reerkaagu ula qabsan karaan arimaha la xiriira helitaan la,aanta agabka nadaafada",TRUE,,,"not((selected(.,'any_issue') or selected(.,'dontknow')) and count-selected(.)>1)","Cannot select ""no issue"" or ""donâ€™t kn"" while selecting any other response. Please revise",,,,,,,,,,,,,,
236,select_multiple menstrual_barriers,menstrual_barriers,"Do you (or and female household members) have problems related to menstrual materials? If yes, which ones?_(Read out response options to respondent)_","Miyaad leedahay (adi iyo xubnaha qoyska ee haweenka) aad qabtid dhibaatooyin la xiriira qalabka caadada?Hadday haa tahay, waa kuwee?",TRUE,,,"not(selected(.,'no_problem') and count-selected(.)>1)","Cannot select ""no problem"" while selecting any other response. Please revise",,,,,,,,,,,,,,
237,text,menstrual_other,"Other, specify","wax kale,cadee",TRUE,"selected(${menstrual_barriers},'other')",,,,,,,,,,,,,,,,,
238,select_multiple hand_washing_times,hand_washing_times,At what times do you and other household members wash your hands?_(Read out response options to respondent)_,waqtiyadee ayaad adiga iyo xubnaha kale ee guriga dhaqataan gacmaha?,TRUE,,,"not(selected(.,'never') and count-selected(.)>1)","Cannot select ""never"" while selecting any other response. Please revise",,,,,,,,,,,,,,
239,text,hands_other,"Other, specify","wax kale,cadee",,"selected(${hand_washing_times},'other')",,,,,,,,,,,,,,,,,
240,end_group,,,,,,,,,,,,,,,,,,,,,,
241,end_group,,WASH,,,,,,,,,,,,,,,,,,,,
242,begin_group,SNFI,shelter & NFI,Hooyga iyo Agabka aanan cuntada ahayn,,"selected(${consensus},'yes')",,,,,,,,,,,,,,,,,
243,begin_group,shelter_info,Household shelter information,,,,,,,,,,,,,,,,,,,,
244,integer,hh_shelter,How many shelters does the household occupy in this location?_(enter 0 if none or open air)_,Immisa hoy ama guryo ayuu qoysku degyahan halkan? _ (Gali 0 haddii midna lahayn ama guriga yahay hawo furan/meel banaan) _,TRUE,,,.>=0  and.<10,"Must be a positive number, and less than 10",,,,,,,,,,,,,,
245,select_one shelter_type,shelter_type,What type of shelter does the household live in?_(Read response options to respondent)_,Guri noocee ah ayuu qoysku ku nool yahay?,TRUE,${hh_shelter}>0,,,,,,,,,U akhri jawaab celiyaha qodobada la kala dooranayo,,,,,,,,
,text,shelter_type_other,"Other, specify",,TRUE,"selected(${shelter_type},'other')",,,,,,,,,,,,,,,,,
246,select_multiple lack_enclosure,lack_enclosure,Does the shelter have any of the following enclosure issues?_(Read out options to respondents)_,Hoyga  miyuu leeyahay mid ka mid ah deyrka arrimaha soo socda?,TRUE,${hh_shelter}>0,,"not((selected(.,'none_of') or selected(.,'not_sure')) and count-selected(.)>1)","Cannot select ""none"" or ""not sure"" while selecting any other response. Please revise",,,,,,,,,,,,,,
247,select_multiple shelter_damage,shelter_damage,Does the shelter currently have any of the following damage or defects?_(Read out options to respondents)_,Hoyga  hadda ma leeyahay waxyeelooyinkan ama cilladahan soo socda? _ (u akhri ikhtiyaaraadka jawaabaha qofka la wareeysanaayo) _,TRUE,${hh_shelter}>0,,"not((selected(.,'none_of') or selected(.,'not_sure')) and count-selected(.)>1)","Cannot select ""none"" or ""not sure"" while selecting any other response. Please revise",,,,,,,,,,,,,,
,text,shelter_damage_other,"Other, specify",,TRUE,"selected(${shelter_damage},'other')",,,,,,,,,,,,,,,,,
248,select_multiple unable_repair,unable_repair,Why were you not able to repair the damages or defects to the shelter?,maxaad u awoodi weyday inaad dayactirto waxyeelada ama ciladaha hoyga?,TRUE,"not(selected(${lack_enclosure},'none_of')) and not(selected(${shelter_damage},'none_of')) and ${hh_shelter}>0",,,,,,,,,,,select mupliple missing?,,,,,,
,text,unable_repair_other,"Other, specify","sheeg, mid kale",TRUE,"selected(${unable_repair},'other')",,,,,,,,,,,,,,,,,
249,end_group,,,,,,,,,,,,,,,,,,,,,,
250,begin_group,shelter_rooms,Shelter_rooms,,,"selected(${consensus},'yes') and ${hh_shelter}>0",field-list,,,,,,,,,,,,,,,,
251,note,shelter_rooms_note,"In total, how many rooms are there in use in ALL the shelters occupied by your household?","marka la isku daro, imisaa qol ayuu reerkaaga daganyahay guud ahaan guryaha?",,,,,,,,,,,,,,,,,,,
252,integer,sum_rooms, Total (match sum of below),"wadarta,(isugeyn inta hoose ka badan)",TRUE,,,.>0,Must be greater than 0,,,,,,,,,,,,,,
253,integer,bedrooms, Bedrooms / sleeping areas,qolalka jiifka/ aagaga hurdada,TRUE,,,,,,,,,,,,,,,,,,
254,integer,living_rooms, Living rooms / common areas,qolalka fadhiga/ meelaha la wadaago,TRUE,,,,,,,,,,,,,,,,,,
255,integer,kitchens, Kitchens,jikooyinka,TRUE,,,,,,,,,,,,,,,,,,
256,integer,toilets, Bathroom / toilets,musqusha/musqulaha,TRUE,,,,,,,,,,,,,,,,,,
257,integer,other, Other (please specify),wax kale fadlan qeex,TRUE,,,,,,,,,,,,,,,,,,
258,end_group,,,,,,,,,,,,,,,,,,,,,,
259,calculate,rooms_total,Total rooms,Wadarta qolalka,,,,,,,${bedrooms}+${living_rooms}+${kitchens}+${toilets}+${other},,,,,,,,,,,,
260,calculate,rooms_difference,Rooms totaled for difference,,,,,,,,${shelter_rooms}-${rooms_total},,,,,,,,,,,,
261,note,shelther_rooms_confirm_note,The respondent indicated a total of ${shelter_rooms} and you have entered ${rooms_total}.  Please correct,Jawaab bixiyahu wuxuu sheegay wadarta ${shelter_rooms} adiguna waxaad gelisay ${rooms_total}.Fadlan sax,TRUE,${rooms_difference}>0,,,,,,,,,,,,,,,,,
,begin_group,shelter_issues_grp,Shelter Issues,,,${hh_shelter}>0,,,,,,,,,,,,,,,,,
262,select_multiple shelter_issues,shelter_issues,Do you have any of the following issues inside your shelter?_(Read out response options to respondent)_,"Ma leedahay mid ka mid ah arrimaha soo socda gudaha hoygaaga?_ (u akhri ikhtiyaarada jawaabta qofka la wareeysanayo) _ _
",TRUE,,,"not((selected(.,'not_sure') or selected(.,'none')) and count-selected(.)>1)","Cannot select ""none"" or ""not sure"" while selecting any other response. Please revise",,,,,,,,,,,,,,
263,select_one hh_cook,hh_cook,Where do household members cook food?_(Read out response options to respondent)_,Xagee bay xubnaha qoysku ku karsadaan cuntada?_ (u akhri ikhtiyaarada jawaabta qofka la wareeysanayo) _ _,TRUE,,,,,,,,,,,,,,,,,,
264,text,hh_cook_other,"Other, specify","wax kale,cadee",TRUE,"selected(${hh_cook},'other')",,,,,,,,,,,,,,,,,
265,select_one occupancy,occupancy_arrangement,What is the occupancy arrangement in your current dwelling?_(Read out response options to respondent)_,Muxuu yahay qorshaha degganaanta guriga aad hadda ku nool tahay? _ (u aqri jawaabaha jawaabta jawaab bixiyaha) _ _,TRUE,,,"not(selected(.,'not_sure') and count-selected(.)>1)","Cannot select ""not sure"" while selecting any other response. Please revise",,,,,,,,,,,,,,
266,text,Occupancy_other,"Other, specify","wax kale,cadee",TRUE,"selected(${occupancy_arrangement},'other')",,,,,,,,,,,,,,,,,
267,select_one y_n_dk_dontsay,written_documentation,"Do you have formal written documentation to prove your occupancy arrangement (e.g. written rental agreement, ownership papers)?","ma haysaan qoraal rasmi ah oo aad ku cadeynaysaan nidaamka degenaanshaha (tusaale ahaan heshiiska kirada oo qoran,waraaqaha lahaanshaha.",TRUE,"selected(${occupancy_arrangement},'ownership') or  selected(${occupancy_arrangement},'rented')",,"not(selected(.,'dontknow') and count-selected(.)>1)","Cannot select ""don't know"" while selecting any other response. Please revise",,,,,,,,,,,,,,
268,integer,note_acccomodation,How much rent do you pay per month for your accomodation?,immisa ijaar ah ayaad bixisaa bishiiba hoygaaga?.,TRUE,"selected(${occupancy_arrangement},'rented')",,.>0,Must be greater than 0,,,,,,,,,,,,,,
269,select_multiple hlp_problems,hlp_problems,"Do you currently have any of the following problems related to housing, land and property?_(Read out response options to respondent)_","Waqtiga xaadirka ah miyaad qabtaa mid ka mid ah dhibaatooyinka soo socda ee la xiriira gurisiinta, dhulka iyo hantida? (u aqri jawaabaha jawaabta qofka la wareeysanayo) _ _",TRUE,,,"not((selected(.,'not_sure') or selected(.,'none')) and count-selected(.)>1)","Cannot select ""not sure"" or ""none"" while selecting any other response. Please revise",,,,,,,,,,,,,,
,text,hlp_problems_other,"Other, specify",,TRUE,"selected(${hlp_problems},'other')",,,,,,,,,,,,,,,,,
270,select_multiple nfi_access,nfi_access,Does the household currently have access to the following NFIs?_(Read out response options to respondent)_,"Qoysku hadda ma heli karaan NFIs (waxyaabaha aan cuntada ahayn
) ee soo socda?_ (u aqri jawaabaha jawaabta qofka la wareeysanayo) _ _",TRUE,,,,,,,,,,,,,,,,,,
271,select_multiple nfi_market,nfi_market,Are any of the items NOT available at your local market?_(Read out response options to respondent)_,Ma jiraan wax ka mid ah shaydan oo aan laga heli karin suuqa degmadaada? (u aqri jawaabaha jawaabta qofka la wareeysanayo) _ _,TRUE,,,,,,,,,,,,,,,,,,
272,select_multiple cashforshelter,shetler_support,What are your top 3 priority NFI needs?_(Select up to 3. Read out response options to respondent)_,Waa maxay baahiyahaaga ugu muhiimsan ee mudnaanta NFI  (qalabka aan cuntada ahayn)? _ (Xulo ilaa 3) _,TRUE,,,count-selected(.)=3,,,,,,,,,,,,,,,
273,end_group,shelter_issues_grp,,,,,,,,,,,,,,,,,,,,,
274,end_group,,SNFI,SNFI,,,,,,,,,,,,,,,,,,,
275,begin_group,protection,Protection,Ilaalinta,,"selected(${consensus},'yes')",,,,,,,,,,,,,,,,,
276,select_one y_n_dk_dontsay,child_labor_note,"In the last 30 days, did any children in your HH (age added) engage in employment outside of the home?",30 kii maalmood ee lasoo dhaafay wax caruur ah oo reerkaaga ka mid ah makuu qabteen shaqa ka baxsan guriga?.,TRUE,${hh_children}>0,,,,,,,,,,,,,,,,,
277,begin_group,child_labor,Child Labor,,,"selected(${child_labor_note},'yes')",field-list,,,,,,,,,,,,,,,,
278,integer,child_labor_notes,"If yes, how many boys and how many girls?","hadday haa tahay, immisa wiilal iyo immisa gabdhood?",TRUE,,,,,,,,,,,,,,,,,,
279,integer,boys_labor,Enter the number of boy(s) engaged in labor,geli tirada wiilasha ku hawlan,TRUE,,,,,,,,,,,,,,,,,,
280,integer,girls_labor,Enter the number of girls(s) engaged in labor,gali tirada gabdhaha ku hawlan,TRUE,,,,,,,,,,,,,,,,,,
281,end_group,,,,,,,,,,,,,,,,,,,,,,
282,select_one y_n_dk,children_away,"Do you have any other child, son or daughter under 18 years not living in the HH?","miyaad leedihiin mid kale, wiil ama gabadh ka yar 18 sano oo aan ku dhex noolayn guriga?",TRUE,,,,,,,,,,,,,,,,,,
283,integer,children_away_boys,"If yes, how many boys?","haday tahay haa, immisa wiil?",TRUE,"selected(${children_away},'yes')",,,,,,,,,,,,,,,,,
284,integer,children_away_girls,"If yes, how many girls?","haday tahay haa, immisa hablood?",TRUE,"selected(${children_away},'yes')",,,,,,,,,,,,,,,,,
285,begin_group,children_away_why,Begin group ,,,"selected(${consensus},'yes') and selected(${children_away},'yes')",field-list,,,,,,,,,,,,,,,,
286,note,children_away_why_note,"We would like to understand why those children are not living under your roof. I read you a list of possibilities, let me know how many children currently under 18 years old fall in each category:_(Read response options to respondent)_","Waxaan doonayna inaan fahmo sababta aanay caruurto guriga kugula noolayn, fadlan waxaan ku sheegi doona qoraal kooban markaa ka dooro siday ugu munaasib tahay. ",,,,,,,,,,,U akhri jawaab celiyaha qodobada la kala dooranayo,,,,,,,,
287,integer,child_married,Married and left the house ,guursaday oo guriga katagay,TRUE,,,,,,,,,,,,,,,,,,
288,integer,child_employment,Left the house to seek employment,U tegay si uu u shaqaysto,TRUE,,,,,,,,,,,,,,,,,,
289,integer,child_study,Left the house to study,U tegay si uu wax u barto ,TRUE,,,,,,,,,,,,,,,,,,
290,integer,child_armed,Left the house to engage with the army or armed groups,Ka tegay guriga si uu uga qayb galo kooxeedyo hubaysan,TRUE,,,,,,,,,,,,,,,,,,
291,integer,child_abducted,Kidnapped/abducted,Abduubtay ,TRUE,,,,,,,,,,,,,,,,,,
292,integer,child_missing,Missing (left and no news),baxay oo maqan wax war ahna aanan laga haynin,TRUE,,,,,,,,,,,,,,,,,,
293,integer,child_detained,Arbitrarily detained,si sharci dara ah loo xidhay,TRUE,,,,,,,,,,,,,,,,,,
294,end_group,,,,,,,,,,,,,,,,,,,,,,
295,select_multiple movement_restriction,hh_restrictions,"In the last 30 days, have any members of your HH faced restrictions when moving around your neighbourhood/block/camp, from one camp to another camp, or from one district to another district?_(Read out response options to respondent)_","30 kii maalmood ee la soo dhaafay, xubna ka tirsan reerkaada mala kulmeen xanibaado markii aay ku wareegayeen agagaarka xaafada, xero min xero kale ama degmo ilaa degmo kale?",TRUE,,,"not((selected(.,'no') or selected(.,'dontknow')) and count-selected(.)>1)","Cannot select ""no"" or ""don't know"" while selecting any other response. Please revise",,,,,,,,,,,,,,
296,select_multiple restrictions_faced,restriction_faced,"If yes, did the HH members face any of the following restrictions while travelling or attempting to travel to or from any area?_(Read response options to the respondent)_","Haday tahay haa, Immisa xubnood o qoyska ka mid ayaa wajahay xayiraado xaga socdaalka?",TRUE,"not(selected(${hh_restrictions},'no') or selected(${hh_restrictions},'dontknow'))",,"not(selected(.,'no_restrictions') and count-selected(.)>1)","Cannot select ""no"" or ""don't know"" while selecting any other response. Please revise",,,,,,U akhri jawaab celiyaha qodobada la kala dooranayo,,,,,,,,
,text,restriction_faced_other,Specify other,"sheeg, mid kale",TRUE,"selected(${restriction_faced},'other')",,,,,,,,,,,,,,,,,
297,select_one y_n_dk,not_safe_boys,Are there any areas in your community where boys or men do not feel safe?,ma jiraan meelo ka tirsan bulshadaada oo wiilasha ama raggu aaney dareemin amaan?,TRUE,,,,,,,,,,,,,,,,,,
298,select_multiple not_feel_safe,where_not_safe_boys,Where do boys and men not feel safe?_(Read out response options to respondent)_,maxaay wiilasha iyo ragga u dareemi waayeen nabadgelyo?,TRUE,"selected(${not_safe_boys},'yes')",,"not(selected(.,'choose_not') and count-selected(.)>1)","Cannot select ""choose not to answer"" while selecting any other response. Please revise",,,,,,,,,,,,,,
299,text,where_not_safe_boys_other,Specify other,"Wax kale, Qeex",TRUE,"selected(${where_not_safe_boys},'other')",,,,,,,,,,,,,,,,,
300,select_one y_n_dk,not_safe_girls,Are there any areas in your community where girls or women do not feel safe?,ma jiraan meelo ka tirsan bulshadaada oo gabdhaha  ama haweenku aaney dareemayn amaan?,TRUE,,,,,,,,,,,,,,,,,,
301,select_multiple not_feel_safe,where_not_safe_girls,Where do girls and women not feel safe?_(Read out response options to respondent)_,xagee gabdhaha iyo haweenku aaney dareemayn amaan?,TRUE,"selected(${not_safe_girls},'yes')",,"not(selected(.,'choose_not') and count-selected(.)>1)","Cannot select ""choose not to answer"" while selecting any other response. Please revise",,,,,,,,,,,,,,
302,text,where_not_safe_girls_other,Specify other,"Wax kale, Qeex",TRUE,"selected(${where_not_safe_girls},'other')",,,,,,,,,,,,,,,,,
303,select_one y_n_dk_dontsay,hh_incidents,Have any HH members been affected by a safety or security incident in the last 30 days?,ma jiraan xubno ka tirsan reerka oo ay saameeyeen dhacdooyin amni ama nabadgelyo 30-kii maalmood ee lasoo dhaafay?,TRUE,,,,,,,,,,,,,,,,,,
304,begin_group,safety_incidents,Safety Incidence,,,"selected(${consensus},'yes') and selected(${hh_incidents},'yes')",field-list,,,,,,,,,,,,,,,,
305,note,note_safety_affected,"Is yes, how many men/women/boys/girls in the HH were affected?","Haday tahay haa, Imisa Wiil ayaa ay sameysay oo qoyska ka mid ah?",,,,,,,,,,,,,,,,,,,
306,integer,men_not_safe,Enter the number of men affected,gali tirada ragga ay saameysay,TRUE,,,,,,,,,,,,,,,,,,
307,integer,boys_not_safe,Enter the number of boy(s) affected,gali tirada wiilasha ay saameysay,TRUE,,,,,,,,,,,,,,,,,,
308,integer,girls_not_safe,Enter the number of girls(s) affected,gali tirada gabdhaha ay saameysay,TRUE,,,,,,,,,,,,,,,,,,
309,integer,women_not_safe,Enter the number of women affected,gali tirada haween ay saameysay,TRUE,,,,,,,,,,,,,,,,,,
310,end_group,,,,,,,,,,,,,,,,,,,,,,
311,select_one y_n_dk_dontsay,property_damaged,Has your household property or possessions been damaged or stolen in the last 30 days?,wax hantida reerkaaga ah oo qasaaro aay soo gaartay amaba lumay majiraan 30-kii maalmood ee lasoo dhaafay?,TRUE,,,,,,,,,,,,,,,,,,
312,select_one y_n_dk,child_friendly,"Is there a child-friendly space in your community where children can meet and play with or without supervision (for e.g. a park, gym, playground, etc.)?","ma jiraa boos caruur u haboon bulshadaada halkaas oo caruurtu kula kulmi karaan oo kula ciyaari karaan ayada oo aanan la kormeerin tusaale ahaan baarkin,jimicsi,garoon lagu ciyaaro, iwm?",TRUE,,,,,,,,,,,,,,,,,,
313,select_one y_n_dk,medical_services,"Are there any medical, legal, or social services for children in your community or area of residence?","ma jiraan wax caafimaad, sharci,ama adeegyo bulshadeed oo loogu talagalay caruurta bulshadaada ama deegaanka aad dagantahay?",TRUE,,,,,,,,,,,,,,,,,,
314,select_one y_n_dk_dontsay,gbv_incidents,Are you aware of any GBV-related incidents against anybody your community in the last 30 days?,maka war qabtaa wax dhacdooyin la xiriira GBV ah oo ka dhan ah qof kasta oo katirsan bulshadaada 30-kii maalmood ee lasoo dhaafay?,TRUE,,,,,,,,,,,,,,,,,,
315,select_one y_n_dk,sexual_gbv_services,"Are you aware of any medical, legal, psychosocial services available in case of an attack of sexual or gender based violence?","ma ka war qabtaa wax adeeg caafimaad, sharci, cilmi nafsi ah oo la heli karo hadii weerar la xiriira galmo ama jinsi ku saleysan uu dhaco?",TRUE,,,,,,,,,,,,,,,,,,
316,select_one y_n_dk_dontsay,sgbv_services_use,"Has anyone in the household made use of SGBV medical, legal, or psychosocial services in the past 6 months?","ma jiraa qof reerka ka tirsan oo isticmaalay adeego caafimaad SGBV, sharci,ama cilmi nafsi 6dii bilood ee lasoo dhaafay?",TRUE,,,,,,,,,,,,,,,,,,
317,end_group,,,,,,,,,,,,,,,,,,,,,,
318,end_group,,Protection school for protection,,,,,,,,,,,,,,,,,,,,
319,begin_group,fsl,Food Security and Livelihoods,,,"selected(${consensus},'yes')",,,,,,,,,,,,,,,,,
320,select_multiple source_food,main_source_food,What are the main sources of food for the household?_(Read out response options to respondent)_,Waa maxay ilaha ugu waaweyn ee qoyskiinu cuntada ka helaan?,TRUE,,,,,,,,,,,,,,,,,,
321,text,main_source_food_other,Specify other,"Hadii kale, Qeex",TRUE,"selected(${main_source_food},'other')",,,,,,,,,,,,,,,,,
322,integer,food_expenditure,How much does your household spend per month in US Dollars on food?,Imisa ayaa qoyskiinu  bil walba cuntada uga baxda doolar ahaan?,TRUE,,,,Must be greater than 0,,,,,,Doolar ahaan geli lacagta,,,,,,,,
323,select_one yes_no,enough_food,"J01. In the past 4 weeks (30 days), was there ever no food to eat of any kind in your house because of lack of resources to get food?","Afartii toddobaad ee la soo dhaafay (30 maalmood), ma dhacday wakhtiyo aan gurigiina wax cunto ah laga cunin sababtuna tahay la'aanta dhaqaale ee lagu helo cuntada?",TRUE,,,,,,,,,,,,,,,,,,
324,select_one rarely_some_often,fre_enough_food,J01.1 How often did this happen in the past [4 weeks/30 days]?_(Read response options to the respondent)_,Imisa jeer ayay xaaladani dhacday 4 tii asbuuc (30 ki bari) ee lasoo dhaafay?,TRUE,"selected(${enough_food},'yes')",,,,,,,,,U akhri jawaab celiyaha qodobada la kala dooranayo,,,,,,,,
325,select_one yes_no,sleep_hungry,"J02. In the past 4 weeks (30 days), did you or any household member go to sleep at night hungry because there was not enough food?","4 tii asbuux ee lasoo dhaafay (30 kii maalmood), adiga ama xubin qoyskaaga kamida gaajo ma kuseexday habeenna cunto yaraan guriga ka jidha owgeed?",TRUE,,,,,,,,,,,,,,,,,,
326,select_one rarely_some_often,fre_sleep_hungry,J02.1 How often did this happen in the past [4 weeks/30 days]?_(Read response options to the respondent)_,Imisa jeer ayay xaaladani dhacday 4 tii asbuuc (30 ki bari) ee lasoo dhaafay?,TRUE,"selected(${sleep_hungry},'yes')",,,,,,,,,U akhri jawaab celiyaha qodobada la kala dooranayo,,,,,,,,
327,select_one yes_no,night_day_nofood,"J03. In the past 4 weeks (30 days), did you or any household member go a whole day and night without eating anything at all because there was not enough food?","4tii asbuuc ee ug danbaysay (30 kii maalmood), adiga xubin qowkaaga kamida miyay usoo wareegtay habeen iyo maalin ayagoon waxba cunin sababtoo ah cuntada oo yar owgeed?",TRUE,,,,,,,,,,,,,,,,,,
328,select_one rarely_some_often,fre_night_day_nofood,J03.1 How often did this happen in the past [4 weeks/30 days]?_(Read response options to respondent)_,Imisa jeer ayay xaaladani dhacday 4 tii asbuuc (30 ki bari) ee lasoo dhaafay?,TRUE,"selected(${night_day_nofood},'yes')",,,,,,,,,U akhri jawaab celiyaha qodobada la kala dooranayo,,,,,,,,
329,begin_group,rCSI,Reduced Coping Strategy Index,,,"selected(${consensus},'yes')",field-list,,,,,,,,,,,,,,,,
330,integer,rely_on_lessprefered,"In the past 7 days, if there have been times when you did not have enough food or money to buy food, how often has your household had to rely on less preferred and less expensive food?","7 dii bari ee ugu danbaysay, Haddii ay jiraan waqtiyo aadan haysan cunno kugu filan ama lacag aad ku iibsato cunto, intee jeer ayay reerkiinu ku khasbanaadeen inay ku tiirsan yihiin raashin ka sii qiimo yar oo ka qiimo jaban?",TRUE,,,.>=0 and .<=7,Must be between 0-7,,,,,,,,,,,,,,
331,integer,portion_limit,"In the past 7 days, if there have been times when you did not have enough food or money to buy food, how often has your household had to limit portion sizes at meals?","7 dii bari ee ugu danbaysay, Haddii ay jiraan waqtiyo aadan haysan cunno kugu filan ama lacag aad ku iibsato cunto, intee jeer ayay reerkiinu ku khasbanaadeen inay yareeyaan cabarka cuntada?",TRUE,,,.>=0 and .<=7,Must be between 0-7,,,,,,,,,,,,,,
332,integer,restrict_consumption,"In the past 7 days, if there have been times when you did not have enough food or money to buy food, how often has your household had to restrict consumption by adults in order for small children to eat?","7 dii bari ee ugu danbaysay, Haddii ay jiraan waqtiyo aadan haysan cunno kugu filan ama lacag aad ku iibsato cunto, intee jeer ayay reerkiinu ku khasbanaadeen inay dadka waawayn cuntada ka xadidaan si ay caruurtu cunto uhesho?",TRUE,,,.>=0 and .<=7,Must be between 0-7,,,,,,,,,,,,,,
333,integer,reduce_meals,"In the past 7 days, if there have been times when you did not have enough food or money to buy food, how often has your household had to reduce number of meals eaten in a day?","7 dii bari ee ugu danbaysay, Haddii ay jiraan waqtiyo aadan haysan cunno kugu filan ama lacag aad ku iibsato cunto, intee jeer ayay reerkiinu ku khasbanaadeen inay yareeyaan tirada cuntada ee maalintii lacuno?",TRUE,,,.>=0 and .<=7,Must be between 0-7,,,,,,,,,,,,,,
334,integer,borrow_food,"In the past 7 days, if there have been times when you did not have enough food or money to buy food, how often has your household had to borrow food or rely on help from friends or relatives?","7 dii bari ee ugu danbaysay, Haddii ay jiraan waqtiyo aadan haysan cunno kugu filan ama lacag aad ku iibsato cunto, intee jeer ayay reerkiinu ku khasbanaadeen inay amaahdan cunto ama ku tiirsanaadaan caawimaadda asxaabta ama qaraabada?",TRUE,,,.>=0 and .<=7,Must be between 0-7,,,,,,,,,,,,,,
335,integer,less_food,"In the past 7 days, if there have been times when you did not have enough food or money to buy food, how often has your household had to give less food than normal to elderly household members?","7 dii bari ee ugu danbaysay, Haddii ay jiraan waqtiyo aadan haysan cunno kugu filan ama lacag aad ku iibsato cunto, intee jeer ayay reerkiinu ku khasbanaadeen inay amaahdan cunto ama ku tiirsanaadaan caawimaadda asxaabta ama qaraabada?",TRUE,,,.>=0 and .<=7,Must be between 0-7,,,,,,,,,,,,,,
336,integer,less_food_adult,"In the past 7 days, if there have been times when you did not have enough food or money to buy food, how often has your household had to give less food than normal to adult women in the household?","8 dii bari ee ugu danbaysay, Haddii ay jiraan waqtiyo aadan haysan cunno kugu filan ama lacag aad ku iibsato cunto, intee jeer ayay reerkiinu ku khasbanaadeen inay dhimaan cuntada ay cunayeen dumar waaweyn oo qoysku?",TRUE,,,.>=0 and .<=7,Must be between 0-7,,,,,,,,,,,,,,
337,end_group,,,,,,,,,,,,,,,,,,,,,,
338,end_group,,Food Security and Livelihoods,,,,,,,,,,,,,,,,,,,,
339,begin_group,aap,AAP,Islaxisaabtanka bulshada saamaynta kuleh,,"selected(${consensus},'yes')",,,,,,,,,,,,,,,,,
340,begin_group,aap1,aap,,,,,,,,,,,,,,,,,,,,
341,select_multiple phone_type,phone_type,What type(s) of phone(s) do members of your household own?_(Read out response options to respondents)_,Mobilo noocee ah ayay xubnaha qoyskaagu haystaan?,TRUE,,,"not(selected(.,'none') and count-selected(.)>1)","Cannot select ""no phone"" with any other response. Please revise",,,,,,,,,,,,,,
342,select_one read_write,read_write,"Is there at least one person in the household who can read and write, in any language?_(Read response options to respondent)_",,TRUE,,,,,,,,,,U akhri jawaab celiyaha qodobada la kala dooranayo,,,,,,,,
343,select_one yes_no,aid_received,Has your household received humanitarian aid in the past 30 days?,Qoyskaagu ma helay wax gargaar binu'aadantinimo ah 30 kii bari ee lasoo dhaafay?,TRUE,,,,,,,,,,,,,,,,,,
344,select_one means_information,information_channel,What is your household's preferred means of receiving  information about humanitarian aid distribution?_(Read out response options to respondent)_,Qaabkee ayaa doorbidi lahayd in qoyskaagu ku helo warbixnada laxiriira qaybinta gargaarka binu'aadantinimada?,TRUE,,,,,,,,,,,,,,,,,,
345,text,information_channel_other,Specify other,"Wax kale, Qeex",TRUE,"selected(${information_channel},'other')",,,,,,,,,,,,,,,,,
346,select_one likert_satisfied,aid_satisfaction,"If you have received aid in the last 30 days, was your household satisfied with the aid you received?_(Read out response options to respondent)_","hadii aad heshay gargaar 30kii bari ee ugu danbeeyey, qoyskiinu ma ahaa mid ku qanacsan gargaarkii ay heleen?",TRUE,"selected(${aid_received},'yes')",,,,,,,,,,,,,,,,,
347,select_one yes_no,aid_access,Did your household face any barriers in accessing humanitarian aid in the past 30 days?,Qoyskaagu makala kulmay wax caqabado ah helitaanka gargaar bini aadantinimo 30kii bari ee laso dhaafay?,TRUE,,,count-selected(.)<=3,,,,,,,,,,,,,,,
348,select_multiple aid_barriers,aid_barriers,[Of those who faced barriers] What barriers did you face?,"Hadii aad la kulantay caqabado, waa maxay caqabadaha aad la kulantay?",TRUE,"selected(${aid_access},'yes')",,,,,,,,,,,,,,,,,
349,text,aid_barriers_other,Specify other,"Wax kale, Qeex",TRUE,"selected(${aid_barriers},'other')",,,,,,,,,,,,,,,,,
350,select_one yes_no,trust_aid_workers,Do you and other members of your household trust aid workers to act in your interest and with respect?,Adiga iyo xubnaha qoyskaagu ma rumaysantihin in shaqaalaha gargaarku ay uga shaqeeyaan danihiina si ixtiraam ku jiro?,TRUE,,,,,,,,,,,,,,,,,,
351,select_one yes_no,feedback_mechanisms,Do you or other household members know how to make a suggestion or complaint about the humanitarian assistance you receive?,Adiga iyo xubnaha qoysakaagu mataqaanin sida loo sameeyo talo soo jeedin ama cabasho ku saabsan caawimaada binu'aadantinimo ee aad heshaan?,TRUE,"selected(${aid_received},'yes')",,,,,,,,,,,,,,,,,
352,select_multiple aid_feedback,prefer_feedback_channel,"How would your household prefer to give feedback to aid agencies about the aid (quality, quantity and/ or appropriateness) you are receiving?_(Read response options to respondent)_",sidee bay xubnaha qoyskaagu jeclaan lahaayeen inay u siiyaan falcelin hay'adaha gargaarka taas oo  ku saabsan (tayada iyo tirada) gargaarka aad helaysaan?,TRUE,,,"not(selected(.,'aware_Not_aware') and count-selected(.)>1)","Cannot select ""Not aware"" with any other response. Please revise",,,,,,U akhri jawaab celiyaha qodobada la kala dooranayo,,,,,,,,
353,text,prefer_feedback_channel_other,Specify other,"Wax kale, Qeex",TRUE,"selected(${prefer_feedback_channel},'other')",,,,,,,,,,,,,,,,,
354,select_multiple humanitarian_assist,humanitarian_assistance,"If your household were to receive humanitarian assistance in the future, what type of assistance would you prefer to receive?_(Read response options to respondent)_","hadii ay ahaan lahayd qoyskaagu inuu helo caawimaad bini aadantinimo mustaqbalka, caawimaad noocee ah ayaa doorbidi lahayd inad heshaan?",TRUE,,,"not((selected(.,'dont_want') or selected(.,'don_t') or selected(.,'prefer_not')) and count-selected(.)>1)","Cannot select ""don't want"", ""don't know"", or ""prefer not to answer"" while selecting any other response. Please revise",,,,,,U akhri jawaab celiyaha qodobada la kala dooranayo,,,,,,,,
355,text,humanitarian_assistance_other,Specify other,"sheeg, mid kale",TRUE,"selected(${humanitarian_assistance},'other_please')",,,,,,,,,,,,,,,,,
356,begin_group,priority_needs,Priority Needs,,,"selected(${consensus},'yes')",field-list,,,,,,,,,,,,,,,,
357,note,note_households_support,What are the top three priority needs of your household?_(Read response options to respondent)_,waa maxay sadexda baahiyood ee ugu saraysa gurigiina?,,,,,,,,,,,U akhri jawaab celiyaha qodobada la kala dooranayo,,,,,,,,
358,select_one priority_needs,first_priority,First priority,Kowaad Labaad,TRUE,,,,,,,,,,,,,,,,,,
359,select_one priority_needs,second_priority,Second Priority,Baahida Sadexaad,TRUE,"not(selected(${first_priority},'none'))",,"not(selected(., ${first_priority}))",,,,,,,,,,,,,,,
360,select_one priority_needs,third_priority,Third Priority,Mudnaanta Seddexaad,TRUE,"not(selected(${second_priority},'none')) ",,"not(selected(., ${first_priority}) or selected(., ${second_priority}))",,,,,,,,,,,,,,,
361,end_group,,,,,,,,,,,,,,,,,,,,,,
362,select_one durable_solutions,un_continue,What do you think is the main area in which the UN should engage more in/continue to support?_(Read response options to respondent)_,Waa maxay meelaha aad umalaynayso ee aad isleedahay waa in Qaramada Midoobay  aad tixgalin gooniya usiiso ama ugusii wado caawimaadeeda?,TRUE,,,,,,,,,,U akhri jawaab celiyaha qodobada la kala dooranayo,,,,,,,,
363,text,un_continue_other,Specify other,"sheeg, mid kale",TRUE,"selected(${un_continue},'other')",,,,,,,,,,,,,,,,,
364,select_one durable_solutions,un_stop,What do you think is the main area in which the UN should discontinue its support?_(Read response options to respondent)_,Waa maxay meelaha aad isleedahay waa inay Qaramada Midoobay caawimaadeeda ka joojiso?,TRUE,,,,,,,,,,U akhri jawaab celiyaha qodobada la kala dooranayo,,,,,,,,
365,text,un_stop_other,Specify other,"sheeg, mid kale",TRUE,"selected(${un_stop},'other')",,,,,,,,,,,,,,,,,
366,end_group,,aap,,,,,,,,,,,,,,,,,,,,
367,end_group,,AAP,,,,,,,,,,,,,,,,,,,,
368,begin_group,Covid,Covid,,,"selected(${consensus},'yes')",,,,,,,,,,,,,,,,,
369,begin_group,covid_info,Covid Informations,,,,,,,,,,,,,,,,,,,,
370,select_multiple info_covid,trust_covidinfo,"Which source do you most trust to give you reliable information COVID-19?_(Do not read options to respondent, select all that apply)_","Ilahee ayaad aad ugu kalsoon tahay inay ku siiyaan macluumaad lagu kalsoonaan karo oo ku saabsan COVID-19? Ha aqrin xulashooyinka jawaabeyaha, xulo dhammaan kuwa ku habboon",TRUE,,,"not((selected(.,'none') or selected(.,'not_sure')) and count-selected(.)>1)","Cannot select ""none"" or ""not sure"" with any other response. Please revise",,,,,,"Ha u akhriyin qodobada hoos ku qoran, ka dooro qofku wuxuu ku sheego. Waxaa la dooranayaa dhamaan inta khusaysa oo dhan ",,,,,,,,
371,text,trust_covidinfo_other,Specify other,"Wax kale, Qeex",TRUE,"selected(${trust_covidinfo},'other_(specify')",,,,,,,,,,,,,,,,,
372,select_multiple info_covid_prefer,prefer_covidinfo,How would your household prefer to receive information on Covid-19?_(Read out response options to respondent)_,sidee ayaa qoyskiinu doorbidi lahaa inuu u helo xogaha ku saabsan COVID19?,TRUE,,,,,,,,,,,,,,,,,,
373,text,prefer_covidinfo_other,Specify other,"Wax kale, Qeex",TRUE,"selected(${prefer_covidinfo},'other')",,,,,,,,,,,,,,,,,
374,select_multiple action_prevent,action_to_prevent,"Since you heard about COVID-19, have you and your household members taken any action to prevent yourselves from getting COVID-19?_(Read out response options to respondent)_","Ilaa iyo intaad maqashay COVID-19, adiga iyo xubnaha qoyskaagu ma qaadeen wax talaabo ah oo aad uga hortagaysaan si uusan xanuunkan idinkugu dhicin?",TRUE,,,"not((selected(.,'no_action') or selected(.,'not_sure')) and count-selected(.)>1)","Cannot select ""no action"" or ""not sure"" with any other response. Please revise",,,,,,,,,,,,,,
375,text,action_to_prevent_other,Specify other,"Wax kale, Qeex",TRUE,"selected(${action_to_prevent},'other')",,,,,,,,,,,,,,,,,
376,select_multiple why_noaction,why_no_action,"If no, why have you not taken action to prevent yourselves from getting COVID-19? _(Read response options to respondent and Select all that apply)_","Haddii ay tahay Maya, maxaad u qaadi ficil si aad ugu difaacdo nafta inuu ku asiibo COVID 19. ",TRUE,"selected(${action_to_prevent},'no_action')",,"not((selected(.,'not_sure'))and count-selected(.)>1)","Cannot select ""not sure"" with any other response.  Please revise",,,,,,U akhri jawaab celiyaha qodobada la kala dooranayo,,,,,,,,
377,text,why_no_action_other,Specify other,"Wax kale, Qeex",TRUE,"selected(${why_no_action},'other')",,,,,,,,,,,,,,,,,
378,select_multiple sign_covid,signs_covid,What are the signs and symptoms of someone with COVID-19? _(DO NOT read options to respondent. Select all that apply)_,"Waa maxay calaamadaha iyo astaamaha qof qaba COVID-19? Xulo dhammaan kuwa ku habboon, ha akhriyin xulashooyinka jawaabeyaha",TRUE,,,"not((selected(.,'not_sure')) and count-selected(.)>1)","Cannot select ""not sure"" while selecting any other response. Please revise",,,,,,"Ha u akhriyin qodobada hoos ku qoran, ka dooro qofku wuxuu ku sheego. Waxaa la dooranayaa dhamaan inta khusaysa oo dhan ",,,,,,,,
379,text,signs_covid_other,Specify other,"Wax kale, Qeex",TRUE,"selected(${signs_covid},'other')",,,,,,,,,,,,,,,,,
380,select_multiple hh_covid_action,hh_covid_action,What would you do if you think you or someone in your household has COVID-19? _(DO NOT read options to respondent. Select all that apply.)_,"Maxaa samayn lahayd hadii aad u malaysid in aad adiga ama qof qoyskaaga kamid ah uu qabo COVID19?Xulo dhammaan kuwa ku habboon, ha akhriyin xulashooyinka jawaabeyaha",TRUE,,,"not((selected(.,'not') or selected(.,'nothing')) and count-selected(.)>1)","Cannot select ""not sure"" or ""nothing"" while selecting any other response. Please revise",,,,,,"Ha u akhriyin qodobada hoos ku qoran, ka dooro qofku wuxuu ku sheego. Waxaa la dooranayaa dhamaan inta khusaysa oo dhan ",,,,,,,,
381,end_group,,,,,,,,,,,,,,,,,,,,,,
382,end_group,,,,,,,,,,,,,,,,,,,,,,
383,begin_group,vul,Limitations to access for vulnerable groups,,,"selected(${consensus},'yes')",,,,,,,,,,,,,,,,,
384,note,note_limitations,It is important to us that services and aid reach everyone according to their level of need. I am now going to ask you about some characteristics that sometimes have an impact on people's access to services and how they are treated by others.,Waa noo muhiim in adeegyada iyo gargaarku ay gaaraan qof walba iyadoo loo eegayo heerka baahidooda. Hadda waxaan ku weydiinayaa sifooyinka qaarkood oo mararka qaar saameyn ku leh helitaanka dadka ee adeegyada iyo sida ay kuwa kale ula dhaqmayaan.,,,,,,,,,,,,,,,,,,,
385,select_multiple factors_aid,factors_aid,"Have any of the following factors affected your ability or that of your household member to access services or products, or has it affected the way that people have treated you or your household members in in the past year?_(Read response options to respondent)_",Miyay ana dhacday inay sameyso qodobadan hoos xusan oo kuu akhriyo doono inay sameeyan qaabka aad adeega u helaysaan ama sameeyeen qaabka ay dadku kuula dhaqmeen sanadkii la soo dhaafay?,TRUE,,,"not((selected(.,'None') or selected(.,'Prefer_not')) and count-selected(.)>1)","Cannot select ""none"" or ""prefer not to answer"" while selecting any other response. Please revise",,,,,,U akhri jawaab celiyaha qodobada la kala dooranayo,,,,,,,,
386,select_multiple services_affected,services_affected,"If yes, please tell us which three areas of  your life where how you or your family member have been treated or been able to access products and services has been most affected _(Read response options to respondent)_","Haday haa, fadlan nala wadaag dhowr meelood ay ka taabatay noloshaada ama sida ay u samaysay qof kale oo qoyska ka tarsin helitaan adeega ama sida loola dhaqmay?",TRUE,"not(selected(${factors_aid},'None') or selected(${factors_aid},'Prefer_not'))",,count-selected(.)=3,Cannot select more than 3,,,,,,U akhri jawaab celiyaha qodobada la kala dooranayo,,,,,,,,
387,text,services_affecte_other,Specify other,"sheeg, mid kale",TRUE,"selected(${services_affected},'other')",,,,,,,,,,,,,,,,,
388,end_group,introduction,Introduction,,,,,,,,,,,,,,,,,,,,
,end_group,consent_given,consent,,,,,,,,,,,,,,,,,,,,
,,,,,,,,,,,,,,,,,,,,,,,
